단지명,거래구분,전용면적(㎡),시군구,번지,계약년월,건축년도,평균 거래금액(만원)
2차한양아파트,매매,64,서울특별시 송파구 송파동,151,202507,1984,162000
2차한양아파트,매매,108,서울특별시 송파구 송파동,151,202507,1984,215000
620-47(롯데캐슬L-65),매매,102,서울특별시 동대문구 전농동,620-47,202507,2023,219000
CJ나인파크,매매,84,서울특별시 용산구 문배동,24-6,202507,2007,110000
CJ나인파크,매매,123,서울특별시 용산구 문배동,24-6,202507,2007,168500
DMC금호리첸시아,매매,84,서울특별시 서대문구 남가좌동,396,202507,2024,128000
DMC두산위브,매매,84,서울특별시 서대문구 북가좌동,459,202507,2007,86000
DMC래미안e편한세상,매매,84,서울특별시 서대문구 북가좌동,481,202507,2012,132500
DMC래미안클라시스,매매,59,서울특별시 서대문구 남가좌동,377,202507,2000,87000
DMC롯데캐슬더퍼스트,매매,84,서울특별시 은평구 수색동,417,202507,2021,122400
DMC상암센트럴파크2단지,매매,36,서울특별시 마포구 상암동,1618,202507,2009,58000
DMC상암센트럴파크2단지,매매,51,서울특별시 마포구 상암동,1618,202507,2009,83800
DMC센트럴자이(3단지),매매,84,서울특별시 은평구 증산동,258,202507,2023,159500
DMC센트레빌,매매,84,서울특별시 서대문구 남가좌동,381,202507,2009,115000
DMC아이파크,매매,59,서울특별시 서대문구 북가좌동,458,202507,2009,93000
DMC우방,매매,59,서울특별시 은평구 증산동,244,202507,2000,73000
DMC파크뷰자이1단지,매매,59,서울특별시 서대문구 남가좌동,385,202507,2015,126000
DMC파크뷰자이1단지,매매,84,서울특별시 서대문구 남가좌동,385,202507,2015,141000
DMC한양,매매,84,서울특별시 서대문구 북가좌동,431,202507,1987,65000
DMC현대아파트,매매,84,서울특별시 서대문구 북가좌동,453,202507,2000,76500
DUO302,매매,15,서울특별시 중구 황학동,819,202507,2014,16000
LG선릉에클라트(B),매매,36,서울특별시 강남구 삼성동,142-3,202507,2004,33500
LG한강자이,매매,169,서울특별시 용산구 이촌동,430,202507,2003,480000
LIG건영,매매,59,서울특별시 노원구 중계동,586,202507,1998,44000
LIG건영캐스빌,매매,56,서울특별시 도봉구 창동,635-42,202507,2002,51500
SK,매매,83,서울특별시 송파구 송파동,170,202507,2001,120000
SKVIEW,매매,84,서울특별시 구로구 신도림동,432-1,202507,2006,107500
SM해그린,매매,84,서울특별시 중랑구 묵동,390,202507,2006,60500
e지브로,매매,84,서울특별시 송파구 가락동,16-21,202507,2004,79000
e편한세상 수색 에코포레,매매,59,서울특별시 은평구 수색동,415-1,202507,2003,65300
e편한세상백련산,매매,59,서울특별시 은평구 응암동,771,202507,2022,76000
e편한세상상도노빌리티,매매,84,서울특별시 동작구 상도동,903,202507,2018,120500
e편한세상서울대입구2차,매매,84,서울특별시 관악구 봉천동,1733,202507,2020,125000
e편한세상서울대입구2차,매매,116,서울특별시 관악구 봉천동,1733,202507,2020,144500
e편한세상송파파크센트럴,매매,59,서울특별시 송파구 거여동,696,202507,2021,153000
e편한세상송파파크센트럴,매매,84,서울특별시 송파구 거여동,696,202507,2021,174000
e편한세상영등포아델포레,매매,59,서울특별시 영등포구 대림동,1127,202507,2020,110000
e편한세상영등포아델포레,매매,84,서울특별시 영등포구 대림동,1127,202507,2020,126500
sk파크타워,매매,84,서울특별시 송파구 가락동,166-2,202507,2003,107000
가락(1차)쌍용아파트,매매,59,서울특별시 송파구 가락동,140,202507,1997,149900
가락(1차)쌍용아파트,매매,84,서울특별시 송파구 가락동,140,202507,1997,93779
"가락3차쌍용스윗닷홈101동,102동",매매,84,서울특별시 송파구 가락동,53,202507,2005,140000
가락삼익맨숀,매매,84,서울특별시 송파구 송파동,166,202507,1984,221500
가락삼익맨숀,매매,108,서울특별시 송파구 송파동,166,202507,1984,244000
가락삼익맨숀,매매,127,서울특별시 송파구 송파동,166,202507,1984,270000
가락쌍용(2차),매매,84,서울특별시 송파구 가락동,21-6,202507,1999,153000
가양2단지(성지),매매,34,서울특별시 강서구 가양동,1461,202507,1992,54000
가양6단지,매매,49,서울특별시 강서구 가양동,1485,202507,1992,76000
가양도시개발9-2단지,매매,39,서울특별시 강서구 가양동,1490,202507,1993,58100
가양역두산위브,매매,59,서울특별시 강서구 등촌동,726,202507,2022,90000
갈현1단지e-편한세상,매매,84,서울특별시 은평구 구산동,547,202507,2004,62800
강국,매매,60,서울특별시 양천구 신월동,24-5,202507,2006,39200
강남데시앙포레,매매,59,서울특별시 강남구 수서동,795,202507,2014,178000
강남자곡 힐스테이트,매매,74,서울특별시 강남구 자곡동,619,202507,2015,115000
강남자곡아이파크,매매,59,서울특별시 강남구 자곡동,602,202507,2014,139600
강남자곡아이파크,매매,74,서울특별시 강남구 자곡동,602,202507,2014,168000
강남자곡아이파크,매매,84,서울특별시 강남구 자곡동,602,202507,2014,188000
강남한양수자인(4단지),매매,114,서울특별시 강남구 자곡동,686,202507,2014,195000
강동리버스트4단지,매매,49,서울특별시 강동구 강일동,114,202507,2020,78000
강동역신동아파밀리에,매매,94,서울특별시 강동구 천호동,447-17,202507,2015,127000
강동이루미아파트,매매,84,서울특별시 강동구 천호동,46,202507,2005,73000
강변,매매,34,서울특별시 강서구 가양동,1475,202507,1992,56000
강변에스케이뷰,매매,84,서울특별시 광진구 구의동,667,202507,2017,152000
강변임광,매매,84,서울특별시 성동구 성수동2가,609-2,202507,2000,300000
강변한솔솔파크,매매,84,서울특별시 강서구 염창동,300,202507,2005,108000
강변힐스테이트,매매,59,서울특별시 강서구 염창동,299,202507,2005,108500
강변힐스테이트,매매,84,서울특별시 강서구 염창동,299,202507,2005,122500
강변힐스테이트,매매,114,서울특별시 마포구 현석동,222,202507,2004,187000
강서뉴타워,매매,82,서울특별시 강서구 화곡동,1071-19,202507,2013,70500
강서한강자이,매매,124,서울특별시 강서구 가양동,1500,202507,2013,149900
강일리버파크5단지,매매,84,서울특별시 강동구 강일동,670,202507,2009,104000
개봉동현대아이파크,매매,84,서울특별시 구로구 개봉동,489,202507,2006,87800
개봉푸르지오,매매,84,서울특별시 구로구 개봉동,492,202507,2014,86500
개포자이,매매,168,서울특별시 강남구 개포동,12-2,202507,2004,313000
개포자이프레지던스,매매,59,서울특별시 강남구 개포동,1284,202507,2023,310000
개포자이프레지던스,매매,78,서울특별시 강남구 개포동,1284,202507,2023,366000
개포자이프레지던스,매매,84,서울특별시 강남구 개포동,1284,202507,2023,374500
개포주공7단지,매매,73,서울특별시 강남구 개포동,185,202507,1983,365000
개포한신,매매,107,서울특별시 강남구 일원동,615-1,202507,1984,299000
개화,매매,101,서울특별시 강서구 방화동,819,202507,1994,72000
거성,매매,79,서울특별시 구로구 개봉동,270-80,202507,1988,39000
거여1단지,매매,39,서울특별시 송파구 거여동,290,202507,1997,63000
거여5단지,매매,84,서울특별시 송파구 거여동,294,202507,1997,115000
건영,매매,32,서울특별시 동작구 상도동,414,202507,1997,64000
건영,매매,45,서울특별시 노원구 하계동,271-3,202507,1988,40000
건영,매매,53,서울특별시 노원구 하계동,271-3,202507,1988,49667
건영2,매매,75,서울특별시 노원구 중계동,515-2,202507,1991,74500
건영2차,매매,74,서울특별시 중랑구 신내동,785,202507,1996,66500
건영2차아파트,매매,84,서울특별시 중랑구 상봉동,63,202507,1996,74000
건영아파트,매매,59,서울특별시 노원구 공릉동,404-3,202507,1998,49000
경남,매매,44,서울특별시 도봉구 쌍문동,73,202507,1988,26450
경남,매매,46,서울특별시 도봉구 쌍문동,73,202507,1988,27500
경남,매매,52,서울특별시 중랑구 망우동,226,202507,1989,38000
경남,매매,59,서울특별시 강남구 도곡동,967,202507,2005,195000
경남,매매,84,서울특별시 영등포구 신길동,67-1,202507,1999,100500
경남2,매매,59,서울특별시 구로구 고척동,306,202507,1999,51000
경남아너스빌,매매,59,서울특별시 광진구 자양동,666-28,202507,1997,88000
경남아너스빌,매매,84,서울특별시 중랑구 면목동,1529,202507,2006,77000
경남아너스빌,매매,122,서울특별시 은평구 구산동,224,202507,2004,71000
경남아너스빌1차,매매,59,서울특별시 동작구 사당동,1134,202507,1997,82000
경남아너스빌1차,매매,84,서울특별시 동작구 사당동,1134,202507,1997,80000
경희궁롯데캐슬,매매,84,서울특별시 종로구 무악동,89,202507,2019,175000
경희궁자이(2단지),매매,77,서울특별시 종로구 홍파동,199,202507,2017,246000
경희궁자이(2단지),매매,84,서울특별시 종로구 홍파동,199,202507,2017,250000
경희궁자이(2단지),매매,101,서울특별시 종로구 홍파동,199,202507,2017,297000
고덕그라시움,매매,73,서울특별시 강동구 고덕동,693,202507,2019,192500
고덕그라시움,매매,84,서울특별시 강동구 고덕동,693,202507,2019,206000
고덕롯데캐슬베네루체,매매,59,서울특별시 강동구 상일동,514,202507,2019,124000
고덕롯데캐슬베네루체,매매,84,서울특별시 강동구 상일동,514,202507,2019,156000
고덕리엔파크2단지,매매,84,서울특별시 강동구 강일동,717,202507,2011,113500
고덕센트럴푸르지오,매매,59,서울특별시 강동구 고덕동,210-1,202507,2020,129000
고덕아르테온,매매,84,서울특별시 강동구 상일동,519,202507,2020,185000
고덕자이,매매,84,서울특별시 강동구 상일동,521,202507,2021,174000
골든빌(210-10),매매,107,서울특별시 마포구 성산동,210-10,202507,2003,81000
공감대(440-12),매매,100,서울특별시 동대문구 장안동,440-12,202507,2003,55000
공항동부센트레빌,매매,59,서울특별시 강서구 공항동,1374,202507,2009,78000
관악드림(동아),매매,59,서울특별시 관악구 봉천동,1712,202507,2003,74000
관악드림(동아),매매,84,서울특별시 관악구 봉천동,1712,202507,2003,92167
관악드림(동아),매매,102,서울특별시 관악구 봉천동,1712,202507,2003,98000
관악드림(동아),매매,114,서울특별시 관악구 봉천동,1712,202507,2003,66500
관악드림(삼성),매매,59,서울특별시 관악구 봉천동,1712,202507,2003,83750
관악산벽산타운5,매매,59,서울특별시 금천구 시흥동,1013,202507,2004,44150
관악산벽산타운5,매매,84,서울특별시 금천구 시흥동,1013,202507,2004,55833
관악산휴먼시아1단지,매매,59,서울특별시 관악구 신림동,1735-1,202507,2008,56000
관악산휴먼시아1단지,매매,84,서울특별시 관악구 신림동,1735-1,202507,2008,67800
관악산휴먼시아2단지,매매,84,서울특별시 관악구 신림동,1735,202507,2008,71700
관악산휴먼시아2단지,매매,114,서울특별시 관악구 신림동,1735,202507,2008,73500
관악청광플러스원,매매,59,서울특별시 관악구 봉천동,1726,202507,2009,67500
관악푸르지오,매매,59,서울특별시 관악구 봉천동,1717,202507,2004,84714
관악푸르지오,매매,84,서울특별시 관악구 봉천동,1717,202507,2004,100333
광장,매매,103,서울특별시 영등포구 여의도동,28,202507,1978,320000
광장현대9단지,매매,59,서울특별시 광진구 광장동,576,202507,1999,150000
광진코지웰,매매,15,서울특별시 광진구 화양동,113-1,202507,2014,14900
구로두산위브,매매,36,서울특별시 구로구 구로동,1278,202507,2006,47000
구로두산위브,매매,50,서울특별시 구로구 구로동,1278,202507,2006,60000
구의자이르네,매매,59,서울특별시 광진구 구의동,671,202507,2021,92500
구의현대7단지현대홈타운,매매,59,서울특별시 광진구 구의동,587-54,202507,1997,103000
구일우성,매매,84,서울특별시 구로구 구로동,1259,202507,1998,74250
구일우성,매매,114,서울특별시 구로구 구로동,1259,202507,1998,81000
구파발10단지어울림(1011~1019동)BL3-1,매매,84,서울특별시 은평구 진관동,27,202507,2010,93000
구파발9단지래미안(916~928동)BL3-2,매매,84,서울특별시 은평구 진관동,25,202507,2010,88000
극동,매매,55,서울특별시 노원구 하계동,271-3,202507,1988,51800
극동,매매,55,서울특별시 구로구 구로동,314,202507,1984,36000
극동,매매,57,서울특별시 성동구 옥수동,428,202507,1986,165000
극동,매매,59,서울특별시 강서구 염창동,246-23,202507,2000,72000
극동,매매,59,서울특별시 송파구 풍납동,391,202507,1987,115000
극동,매매,80,서울특별시 노원구 월계동,803-1,202507,1996,51500
극동,매매,84,서울특별시 노원구 하계동,271-3,202507,1988,73000
극동,매매,84,서울특별시 강북구 수유동,553-61,202507,1992,56500
극동(105),매매,110,서울특별시 동작구 사당동,105,202507,1993,146000
극동강변,매매,84,서울특별시 동작구 본동,148-2,202507,1992,109500
극동늘푸른,매매,59,서울특별시 양천구 목동,752-1,202507,1998,84500
극동늘푸른,매매,84,서울특별시 양천구 목동,752-1,202507,1998,112000
극동미라주,매매,59,서울특별시 성동구 하왕십리동,1058,202507,2001,103000
극동미라주,매매,84,서울특별시 성동구 하왕십리동,1058,202507,2001,117400
극동미라주,매매,114,서울특별시 성동구 하왕십리동,1058,202507,2001,135000
극동상록수,매매,59,서울특별시 강서구 염창동,280,202507,1999,79300
글로벌팰리스,매매,28,서울특별시 동대문구 장안동,415-10,202507,2019,30500
금강,매매,84,서울특별시 구로구 오류동,335,202507,1996,47700
금강KCC,매매,58,서울특별시 송파구 송파동,164,202507,2003,93500
금강KCC,매매,84,서울특별시 송파구 송파동,164,202507,2003,123000
금천롯데캐슬골드파크1차,매매,71,서울특별시 금천구 독산동,1147,202507,2016,66300
금천롯데캐슬골드파크3차,매매,59,서울특별시 금천구 독산동,1155,202507,2018,93750
금천현대,매매,59,서울특별시 금천구 독산동,711-2,202507,2002,52500
금호,매매,84,서울특별시 구로구 구로동,49,202507,1997,55000
금호베스트빌,매매,114,서울특별시 성동구 하왕십리동,1052,202507,2001,110000
금호삼성래미안,매매,84,서울특별시 성동구 금호동1가,1500,202507,2001,145000
금호어울림,매매,84,서울특별시 강남구 역삼동,835-67,202507,2003,195000
금호타운,매매,84,서울특별시 노원구 상계동,1270,202507,1995,52000
기산그린,매매,59,서울특별시 강북구 번동,191,202507,2000,40700
길동우성,매매,40,서울특별시 강동구 길동,400,202507,1994,60500
길음뉴타운2단지푸르지오,매매,59,서울특별시 성북구 길음동,1280,202507,2005,72900
길음뉴타운6단지(래미안),매매,59,서울특별시 성북구 길음동,1283,202507,2007,105000
길음뉴타운8단지(래미안),매매,59,서울특별시 성북구 길음동,1284,202507,2010,100800
길음뉴타운9단지(래미안),매매,59,서울특별시 성북구 길음동,1286,202507,2010,95500
길음뉴타운9단지(래미안),매매,84,서울특별시 성북구 길음동,1286,202507,2010,115000
길음뉴타운경남아너스빌,매매,50,서울특별시 성북구 정릉동,1015,202507,1999,56000
길음뉴타운신안파크아파트,매매,79,서울특별시 성북구 길음동,635-168,202507,1988,48200
길음서희스타힐스,매매,84,서울특별시 성북구 하월곡동,229,202507,2011,75750
길훈,매매,49,서울특별시 양천구 신월동,341-1,202507,1987,36000
까치마을,매매,34,서울특별시 강남구 수서동,746,202507,1993,98000
까치마을,매매,39,서울특별시 강남구 수서동,746,202507,1993,96733
까치마을,매매,49,서울특별시 강남구 수서동,746,202507,1993,140000
꿈의숲SKVIEW,매매,59,서울특별시 노원구 월계동,949,202507,2016,77500
꿈의숲SKVIEW,매매,84,서울특별시 노원구 월계동,949,202507,2016,89000
꿈의숲아이파크,매매,59,서울특별시 성북구 장위동,323,202507,2022,105000
꿈의숲아이파크,매매,84,서울특별시 성북구 장위동,323,202507,2022,126000
꿈의숲코오롱하늘채,매매,84,서울특별시 성북구 장위동,319,202507,2017,108000
꿈의숲푸르지오,매매,59,서울특별시 성북구 하월곡동,228,202507,2010,74000
꿈의숲해링턴플레이스,매매,84,서울특별시 강북구 미아동,1369,202507,2019,87000
낙성대현대아파트,매매,61,서울특별시 관악구 봉천동,179-58,202507,1988,67500
남산대림,매매,84,서울특별시 용산구 이태원동,729,202507,1994,190000
남산타운,매매,84,서울특별시 중구 신당동,844,202507,2002,143750
남서울,매매,42,서울특별시 영등포구 신길동,3002,202507,1977,105000
남서울,매매,48,서울특별시 영등포구 신길동,3002,202507,1975,100000
남서울건영2,매매,61,서울특별시 금천구 시흥동,384-12,202507,1989,40000
남서울힐스테이트,매매,59,서울특별시 금천구 시흥동,1026,202507,2014,72925
남해오네뜨,매매,59,서울특별시 동작구 사당동,1143,202507,2002,76500
남현동한일유앤아이,매매,84,서울특별시 관악구 남현동,1136,202507,2005,73500
내이처해밀,매매,14,서울특별시 영등포구 영등포동1가,145,202507,2012,11100
네스코수피아,매매,34,서울특별시 관악구 남현동,602-27,202507,2021,51000
네오빌,매매,84,서울특별시 동대문구 장안동,339-7,202507,2004,54700
노원롯데캐슬시그니처,매매,84,서울특별시 노원구 상계동,1410,202507,2023,105000
노원센트럴푸르지오,매매,59,서울특별시 노원구 상계동,1355,202507,2021,83000
녹번JR아파트,매매,59,서울특별시 은평구 녹번동,280-1,202507,2002,46000
녹번역e편한세상캐슬,매매,59,서울특별시 은평구 응암동,769,202507,2021,106000
녹번역e편한세상캐슬,매매,84,서울특별시 은평구 응암동,769,202507,2021,135750
녹번역e편한세상캐슬,매매,99,서울특별시 은평구 응암동,769,202507,2021,150500
녹천역두산위브아파트,매매,84,서울특별시 노원구 월계동,950,202507,2017,73000
논현한가람빌라트,매매,141,서울특별시 강남구 논현동,105-3,202507,2002,180000
늘푸른동아,매매,59,서울특별시 중랑구 면목동,715,202507,2002,61000
다성이즈빌,매매,20,서울특별시 강동구 길동,456-4,202507,2018,24000
다성이즈빌,매매,23,서울특별시 강동구 길동,456-4,202507,2018,29700
다성이즈빌(346-12),매매,84,서울특별시 강동구 명일동,346-12,202507,2004,66000
다울,매매,105,서울특별시 동작구 대방동,375-16,202507,2003,74000
답십리청솔우성,매매,59,서울특별시 동대문구 답십리동,80,202507,2000,72850
답십리파크자이,매매,49,서울특별시 동대문구 답십리동,1014,202507,2019,94400
답십리파크자이,매매,59,서울특별시 동대문구 답십리동,1014,202507,2019,115000
당산계룡리슈빌1단지,매매,42,서울특별시 영등포구 당산동3가,564,202507,2014,75000
당산반도유보라팰리스,매매,157,서울특별시 영등포구 당산동4가,96,202507,2010,170000
당산삼성2차,매매,59,서울특별시 영등포구 당산동4가,94-1,202507,1997,104000
당산현대5차,매매,114,서울특별시 영등포구 당산동4가,30-1,202507,2000,162500
대동,매매,84,서울특별시 광진구 자양동,784-1,202507,1999,134000
대림,매매,59,서울특별시 강서구 염창동,262-2,202507,1999,71000
대림,매매,84,서울특별시 양천구 신정동,333,202507,1992,117500
대림,매매,84,서울특별시 용산구 이촌동,395,202507,1994,212150
대림,매매,120,서울특별시 송파구 가락동,70-19,202507,1988,143000
대림,매매,125,서울특별시 송파구 오금동,2,202507,1988,235000
대림1,매매,59,서울특별시 구로구 신도림동,642,202507,1999,89900
대림2,매매,59,서울특별시 구로구 신도림동,642,202507,2001,96000
대림2,매매,84,서울특별시 구로구 신도림동,642,202507,2001,127000
대림2,매매,106,서울특별시 마포구 망원동,497,202507,2002,120000
대림2,매매,134,서울특별시 구로구 신도림동,642,202507,2001,140000
대림2차,매매,118,서울특별시 마포구 용강동,501,202507,2004,199000
대림3,매매,84,서울특별시 구로구 신도림동,691,202507,2001,106700
대림e-편한세상,매매,59,서울특별시 동대문구 이문동,225,202507,2003,87000
대림e-편한세상,매매,59,서울특별시 성동구 행당동,347,202507,2000,125000
대림e-편한세상,매매,84,서울특별시 도봉구 창동,822,202507,2003,71000
대림e-편한세상2,매매,59,서울특별시 은평구 구산동,546,202507,2004,56800
대림강변타운,매매,59,서울특별시 성동구 응봉동,15,202507,2001,128000
대림아르빌,매매,84,서울특별시 용산구 한남동,808,202507,2005,145000
대림아크로빌,매매,130,서울특별시 강남구 도곡동,467-6,202507,1999,288500
대림아파트,매매,59,서울특별시 동작구 대방동,501,202507,1993,119000
대림역경남아너스빌,매매,84,서울특별시 구로구 구로동,1285,202507,2009,70000
대명벨리온,매매,17,서울특별시 강남구 역삼동,727-2,202507,2012,22000
대방1차e-편한세상,매매,84,서울특별시 동작구 대방동,508,202507,2003,141000
대방2차e-편한세상,매매,131,서울특별시 동작구 대방동,507,202507,2003,145000
대방샤인힐,매매,59,서울특별시 양천구 신월동,1017,202507,2003,50000
대방샤인힐,매매,84,서울특별시 양천구 신월동,1017,202507,2003,65000
대보,매매,44,서울특별시 중랑구 망우동,236-7,202507,1988,31800
대상,매매,59,서울특별시 구로구 개봉동,477,202507,1999,44000
대상,매매,74,서울특별시 구로구 개봉동,477,202507,1999,51500
대상타운현대아파트,매매,84,서울특별시 도봉구 방학동,720-1,202507,2001,78000
대성유니드,매매,84,서울특별시 동작구 사당동,1155,202507,2009,87900
대성유니드2차,매매,59,서울특별시 양천구 신정동,1198-3,202507,2004,55800
대우,매매,43,서울특별시 성북구 정릉동,1021,202507,2001,16500
대우,매매,84,서울특별시 구로구 고척동,296,202507,1999,67000
대우,매매,84,서울특별시 동대문구 이문동,45,202507,2001,75000
대우,매매,84,서울특별시 도봉구 창동,804,202507,1995,72000
대우,매매,96,서울특별시 강동구 고덕동,470,202507,1986,109700
대우,매매,114,서울특별시 성북구 정릉동,1021,202507,2001,71000
대우,매매,134,서울특별시 노원구 월계동,775,202507,1998,72500
대우아이빌명문가(891-23),매매,34,서울특별시 강남구 대치동,891-23,202507,2004,28300
대우푸르지오,매매,59,서울특별시 서대문구 연희동,739,202507,2002,79000
대우푸르지오,매매,84,서울특별시 서대문구 연희동,739,202507,2002,97000
대원칸타빌,매매,56,서울특별시 중랑구 면목동,581,202507,2003,67500
대원칸타빌,매매,84,서울특별시 마포구 신수동,453,202507,2004,140000
대원칸타빌2,매매,84,서울특별시 양천구 목동,941,202507,2003,129000
대주피오레,매매,59,서울특별시 은평구 응암동,669-1,202507,2003,59000
대주피오레,매매,84,서울특별시 은평구 응암동,669-1,202507,2003,69000
대치아이파크,매매,119,서울특별시 강남구 대치동,888,202507,2008,489333
대치아이파크,매매,149,서울특별시 강남구 대치동,888,202507,2008,550000
대치푸르지오발라드,매매,41,서울특별시 강남구 개포동,176-2,202507,2024,108018
대호프라자아파트,매매,59,서울특별시 은평구 불광동,631-1,202507,2000,54800
대호프라자아파트,매매,84,서울특별시 은평구 불광동,631-1,202507,2000,68800
더샵스타시티,매매,119,서울특별시 광진구 자양동,227-7,202507,2007,228000
더샵스타시티,매매,139,서울특별시 광진구 자양동,227-7,202507,2007,268000
더샵파크프레스티지,매매,84,서울특별시 영등포구 신길동,4974,202507,2022,137500
더클래시,매매,59,서울특별시 마포구 아현동,804,202507,2022,200000
도곡1차아이파크,매매,84,서울특별시 강남구 도곡동,543-7,202507,2007,258000
도곡렉슬,매매,84,서울특별시 강남구 도곡동,527,202507,2006,390000
독립문극동(200-0),매매,59,서울특별시 서대문구 현저동,200,202507,1998,99000
독립문삼호,매매,84,서울특별시 서대문구 영천동,100,202507,1995,100000
독산주공14단지,매매,38,서울특별시 금천구 독산동,1088,202507,1990,32000
돈암동 풍림아파트 101~105동,매매,84,서울특별시 성북구 돈암동,632,202507,1999,62800
돈암코오롱하늘채,매매,84,서울특별시 성북구 돈암동,644,202507,2016,110000
동궁리치웰(102동),매매,83,서울특별시 송파구 가락동,196,202507,2005,110000
동대문더퍼스트데시앙,매매,84,서울특별시 동대문구 장안동,587,202507,2019,102500
동대문롯데캐슬노블레스,매매,59,서울특별시 동대문구 전농동,695,202507,2018,123000
동대문베네스트,매매,18,서울특별시 동대문구 용두동,100-5,202507,2020,20000
동문,매매,84,서울특별시 강북구 번동,657,202507,1998,70000
동방,매매,97,서울특별시 양천구 신월동,607-1,202507,1999,59000
동보,매매,59,서울특별시 영등포구 양평동5가,9-1,202507,1998,86600
동보,매매,132,서울특별시 영등포구 양평동5가,9-1,202507,1998,117500
동부(101동~103동),매매,59,서울특별시 구로구 오류동,336,202507,1998,46000
동부골든,매매,59,서울특별시 구로구 오류동,338,202507,1998,43000
동부센트레빌,매매,77,서울특별시 강서구 방화동,870,202507,2003,69500
동부센트레빌,매매,145,서울특별시 강남구 대치동,670,202507,2005,575000
동삼빌라트,매매,81,서울특별시 강동구 길동,107,202507,1998,50000
동서울오네뜨,매매,84,서울특별시 강동구 길동,339-1,202507,2009,75000
동서울한양,매매,59,서울특별시 동대문구 답십리동,41,202507,1989,55500
동서울한양,매매,76,서울특별시 동대문구 답십리동,41,202507,1989,63000
동성,매매,101,서울특별시 강서구 등촌동,691-1,202507,1995,89000
동성,매매,134,서울특별시 강서구 등촌동,691-1,202507,1995,109000
동성3,매매,84,서울특별시 중랑구 신내동,618,202507,1997,64300
동성3,매매,105,서울특별시 중랑구 신내동,618,202507,1997,77000
동성타워프라자,매매,59,서울특별시 중랑구 신내동,786,202507,1996,41600
동신,매매,59,서울특별시 성북구 하월곡동,219,202507,1998,61500
동신,매매,71,서울특별시 노원구 월계동,436,202507,1983,65000
동신,매매,91,서울특별시 노원구 월계동,436,202507,1983,80000
동신,매매,93,서울특별시 노원구 월계동,436,202507,1983,82000
동아2,매매,59,서울특별시 구로구 신도림동,644,202507,2000,101000
동아2,매매,75,서울특별시 강동구 성내동,424-12,202507,1996,69800
동아에코빌,매매,84,서울특별시 성북구 상월곡동,101,202507,2003,75000
동아하이빌아파트,매매,84,서울특별시 강동구 천호동,217-132,202507,2000,89900
동원월드타운,매매,60,서울특별시 마포구 중동,395,202507,2004,65000
동일스위트리버,매매,84,서울특별시 동대문구 휘경동,366,202507,2007,84000
동작협성휴포레시그니처,매매,84,서울특별시 동작구 신대방동,686-48,202507,2022,112000
동현아파트1~6,매매,84,서울특별시 강남구 논현동,105,202507,1986,260000
동현아파트1~6,매매,119,서울특별시 강남구 논현동,105,202507,1985,310000
두산,매매,59,서울특별시 구로구 개봉동,472,202507,1997,49750
두산,매매,59,서울특별시 금천구 가산동,769,202507,1998,59500
두산,매매,84,서울특별시 성북구 석관동,10,202507,1998,82750
두산,매매,84,서울특별시 구로구 개봉동,472,202507,1997,62000
두산,매매,84,서울특별시 금천구 가산동,769,202507,1998,71000
두산,매매,114,서울특별시 동대문구 답십리동,990,202507,2000,91000
두산,매매,134,서울특별시 성북구 석관동,10,202507,1998,98500
두산위브트레지움,매매,59,서울특별시 강북구 미아동,811,202507,2011,70000
두산위브트레지움,매매,84,서울특별시 강북구 미아동,811,202507,2011,80000
두산힐스빌아파트,매매,84,서울특별시 노원구 공릉동,747,202507,2000,81000
두진한아름,매매,84,서울특별시 서초구 서초동,1609-6,202507,1995,155000
둔촌역청구,매매,84,서울특별시 강동구 성내동,419-1,202507,1999,99500
"등촌1,2단지주공아파트",매매,41,서울특별시 강서구 등촌동,687,202507,1995,56000
등촌동아이파크,매매,84,서울특별시 강서구 등촌동,715,202507,2005,103000
등촌라인(조합),매매,59,서울특별시 강서구 등촌동,628-15,202507,1997,72700
디에이치아너힐즈,매매,76,서울특별시 강남구 개포동,1281,202507,2019,333000
디에이치아너힐즈,매매,84,서울특별시 강남구 개포동,1281,202507,2019,350000
디에이치자이개포,매매,84,서울특별시 강남구 일원동,743,202507,2021,380000
디에이치자이개포,매매,103,서울특별시 강남구 일원동,743,202507,2021,400000
디오반,매매,14,서울특별시 은평구 증산동,173-1,202507,2011,11200
뚝섬현대,매매,84,서울특별시 성동구 성수동1가,13-157,202507,1992,127000
라온프라이빗,매매,59,서울특별시 중랑구 면목동,1544,202507,2020,87000
라이프,매매,115,서울특별시 노원구 중계동,366,202507,1993,129500
라인,매매,84,서울특별시 강동구 길동,365-1,202507,1998,78000
래미안 옥수 리버젠,매매,84,서울특별시 성동구 옥수동,561,202507,2012,220000
래미안강남힐즈,매매,91,서울특별시 강남구 자곡동,611,202507,2014,195000
래미안강남힐즈,매매,101,서울특별시 강남구 자곡동,611,202507,2014,210000
래미안강동팰리스,매매,84,서울특별시 강동구 천호동,571,202507,2017,148000
래미안공덕4차,매매,59,서울특별시 마포구 공덕동,464,202507,2005,155000
래미안공덕5차,매매,59,서울특별시 마포구 공덕동,469,202507,2011,178000
래미안그레이튼(진달래2차),매매,84,서울특별시 강남구 역삼동,762-3,202507,2011,300000
래미안남가좌2차,매매,59,서울특별시 서대문구 남가좌동,379,202507,2005,96500
래미안도곡카운티,매매,84,서울특별시 강남구 도곡동,538-3,202507,2016,375000
래미안도곡카운티,매매,106,서울특별시 강남구 도곡동,538-3,202507,2016,390000
래미안방배아트힐(1008-2),매매,127,서울특별시 서초구 방배동,1008-2,202507,2004,275000
래미안베라힐즈,매매,59,서울특별시 은평구 녹번동,283,202507,2019,104750
래미안베라힐즈,매매,84,서울특별시 은평구 녹번동,283,202507,2019,123300
래미안블레스티지,매매,84,서울특별시 강남구 개포동,1280,202507,2019,360000
래미안송파파인탑,매매,71,서울특별시 송파구 송파동,243,202507,2012,202500
래미안송파파인탑,매매,87,서울특별시 송파구 송파동,243,202507,2012,214500
래미안아트리치,매매,84,서울특별시 성북구 석관동,410,202507,2019,100000
래미안에스티움,매매,84,서울특별시 영등포구 신길동,4950,202507,2017,175000
래미안엘파인아파트,매매,84,서울특별시 동대문구 답십리동,1000,202507,2011,88000
래미안영등포프레비뉴,매매,84,서울특별시 영등포구 신길동,4945,202507,2015,148000
래미안월곡,매매,84,서울특별시 성북구 하월곡동,225,202507,2006,96000
래미안위브,매매,84,서울특별시 동대문구 답십리동,1003,202507,2014,138000
래미안이문2차,매매,59,서울특별시 동대문구 이문동,311,202507,2004,86000
래미안장안2차,매매,112,서울특별시 동대문구 장안동,329-3,202507,2007,121000
래미안장위퍼스트하이,매매,59,서울특별시 성북구 장위동,320,202507,2020,96800
래미안장위퍼스트하이,매매,84,서울특별시 성북구 장위동,320,202507,2020,111500
래미안장위퍼스트하이,매매,101,서울특별시 성북구 장위동,320,202507,2020,123000
래미안첼리투스,매매,124,서울특별시 용산구 이촌동,436,202507,2015,583000
래미안크레시티,매매,84,서울특별시 동대문구 전농동,690,202507,2014,146750
래미안트리베라1단지,매매,59,서울특별시 강북구 미아동,813,202507,2010,73625
래미안트리베라1단지,매매,84,서울특별시 강북구 미아동,813,202507,2010,96000
래미안파크팰리스,매매,59,서울특별시 송파구 가락동,165,202507,2007,167000
래미안퍼스티지,매매,84,서울특별시 서초구 반포동,18-1,202507,2009,480000
래미안펜타빌,매매,158,서울특별시 강남구 역삼동,713-7,202507,2007,379000
래미안포레카운티,매매,59,서울특별시 성북구 장위동,322,202507,2021,94500
래미안포레카운티,매매,84,서울특별시 성북구 장위동,322,202507,2021,108000
래미안힐스테이트고덕,매매,59,서울특별시 강동구 고덕동,688,202507,2016,164000
럭키,매매,84,서울특별시 도봉구 도봉동,595,202507,1992,55500
레이크팰리스,매매,59,서울특별시 송파구 잠실동,44,202507,2006,278750
롯데낙천대,매매,55,서울특별시 동작구 신대방동,713,202507,2003,84700
롯데낙천대,매매,133,서울특별시 종로구 평창동,72,202507,2001,140000
롯데캐슬,매매,59,서울특별시 중구 황학동,2545,202507,2008,90000
롯데캐슬,매매,84,서울특별시 양천구 신월동,1063,202507,2014,102100
롯데캐슬,매매,84,서울특별시 중구 황학동,2545,202507,2008,106500
롯데캐슬,매매,84,서울특별시 강남구 대치동,893,202507,2002,250000
롯데캐슬(1057-0),매매,59,서울특별시 양천구 신월동,1057,202507,2010,71000
롯데캐슬골든힐스,매매,84,서울특별시 성북구 길음동,1287-1,202507,2019,97500
롯데캐슬루나,매매,84,서울특별시 노원구 월계동,947,202507,2006,88500
롯데캐슬클라시아,매매,59,서울특별시 성북구 길음동,1289,202507,2022,122800
롯데캐슬퍼스트,매매,59,서울특별시 강동구 암사동,414-2,202507,2008,138000
롯데캐슬퍼스트,매매,84,서울특별시 강동구 암사동,414-2,202507,2008,164500
롯데캐슬퍼스트,매매,111,서울특별시 강동구 암사동,414-2,202507,2008,180000
롯데캐슬퍼스트,매매,112,서울특별시 강동구 암사동,414-2,202507,2008,168000
루체비스타,매매,24,서울특별시 강서구 화곡동,897-2,202507,2017,19500
리버뷰,매매,18,서울특별시 영등포구 당산동,121-130,202507,2015,16500
리버빌(삼성),매매,84,서울특별시 용산구 보광동,151,202507,2000,175000
리버스타운,매매,54,서울특별시 금천구 독산동,1006-139,202507,2016,35000
리버탑,매매,59,서울특별시 용산구 한남동,802,202507,2001,122000
리버힐삼성,매매,59,서울특별시 용산구 산천동,193,202507,2001,122000
리센츠,매매,27,서울특별시 송파구 잠실동,22,202507,2008,131333
리센츠,매매,84,서울특별시 송파구 잠실동,22,202507,2008,326750
리센츠,매매,124,서울특별시 송파구 잠실동,22,202507,2008,420000
리첸시아용산B,매매,84,서울특별시 용산구 문배동,40-31,202507,2010,154000
마곡13단지힐스테이트마스터,매매,59,서울특별시 강서구 마곡동,748,202507,2017,129000
마곡나루경남아파트,매매,84,서울특별시 강서구 마곡동,1577,202507,1991,72900
마곡삼성아파트,매매,59,서울특별시 강서구 마곡동,1478,202507,1998,43900
마곡수명산파크1단지,매매,84,서울특별시 강서구 내발산동,742,202507,2007,109000
마곡엠밸리8단지,매매,84,서울특별시 강서구 마곡동,741,202507,2016,142000
마곡엠밸리9단지,매매,59,서울특별시 강서구 마곡동,744,202507,2021,125500
마곡우림필유아파트,매매,84,서울특별시 강서구 마곡동,1467,202507,2003,85800
마곡우촌아파트,매매,28,서울특별시 강서구 방화동,907,202507,2022,46100
마곡중앙하이츠아파트,매매,51,서울특별시 강서구 방화동,852,202507,1994,55833
마포그랑자이,매매,84,서울특별시 마포구 대흥동,806,202507,2020,250000
마포웨스트리버태영데시앙,매매,84,서울특별시 마포구 창전동,449,202507,2019,164900
마포중동현대,매매,59,서울특별시 마포구 중동,392,202507,2001,79000
마포한강아이파크,매매,59,서울특별시 마포구 망원동,521,202507,2019,120000
마포한강아이파크,매매,111,서울특별시 마포구 망원동,521,202507,2019,196000
매봉삼성,매매,59,서울특별시 강남구 도곡동,966,202507,1999,157000
명일우성,매매,133,서울특별시 강동구 명일동,42,202507,1986,193000
명일지에스아파트,매매,59,서울특별시 강동구 명일동,332,202507,1999,83000
명일지에스아파트,매매,84,서울특별시 강동구 명일동,332,202507,1999,104500
목동롯데캐슬마에스트로,매매,59,서울특별시 양천구 목동,965,202507,2019,109500
목동성원(926-8),매매,59,서울특별시 양천구 목동,926-8,202507,1997,129000
목동센트럴아이파크위브2단지,매매,59,서울특별시 양천구 신월동,1076,202507,2020,72000
목동센트럴아이파크위브2단지,매매,84,서울특별시 양천구 신월동,1076,202507,2020,115000
목동신시가지1,매매,65,서울특별시 양천구 목동,901,202507,1985,236000
목동신시가지1,매매,66,서울특별시 양천구 목동,901,202507,1985,234000
목동신시가지1,매매,125,서울특별시 양천구 목동,901,202507,1985,345000
목동신시가지1,매매,154,서울특별시 양천구 목동,901,202507,1985,347500
목동신시가지10,매매,53,서울특별시 양천구 신정동,311,202507,1988,171333
목동신시가지10,매매,70,서울특별시 양천구 신정동,311,202507,1988,192000
목동신시가지10,매매,105,서울특별시 양천구 신정동,311,202507,1987,263000
목동신시가지10,매매,106,서울특별시 양천구 신정동,311,202507,1987,260000
목동신시가지11,매매,51,서울특별시 양천구 신정동,325,202507,1988,167500
목동신시가지11,매매,59,서울특별시 양천구 신정동,325,202507,1988,180000
목동신시가지11,매매,66,서울특별시 양천구 신정동,325,202507,1988,200000
목동신시가지12,매매,53,서울특별시 양천구 신정동,326,202507,1988,179000
목동신시가지12,매매,56,서울특별시 양천구 신정동,326,202507,1988,176500
목동신시가지12,매매,72,서울특별시 양천구 신정동,326,202507,1988,181000
목동신시가지13,매매,70,서울특별시 양천구 신정동,327,202507,1987,212000
목동신시가지13,매매,98,서울특별시 양천구 신정동,327,202507,1987,265000
목동신시가지13,매매,124,서울특별시 양천구 신정동,327,202507,1987,275000
목동신시가지14,매매,55,서울특별시 양천구 신정동,329,202507,1988,167500
목동신시가지14,매매,83,서울특별시 양천구 신정동,329,202507,1988,231667
목동신시가지3,매매,122,서울특별시 양천구 목동,903,202507,1986,219000
목동신시가지4,매매,67,서울특별시 양천구 목동,904,202507,1986,235000
목동신시가지4,매매,96,서울특별시 양천구 목동,904,202507,1986,280000
목동신시가지5,매매,122,서울특별시 양천구 목동,912,202507,1986,264000
목동신시가지5,매매,152,서울특별시 양천구 목동,912,202507,1986,389000
목동신시가지7,매매,53,서울특별시 양천구 목동,925,202507,1988,190000
목동신시가지7,매매,66,서울특별시 양천구 목동,925,202507,1986,261400
목동신시가지7,매매,101,서울특별시 양천구 목동,925,202507,1986,330000
목동신시가지8,매매,54,서울특별시 양천구 신정동,314,202507,1987,185300
목동신시가지9,매매,53,서울특별시 양천구 신정동,312,202507,1987,188500
목동우성2,매매,84,서울특별시 양천구 신정동,337,202507,2000,97800
목동트윈빌,매매,73,서울특별시 양천구 목동,905-22,202507,2000,107000
목동파크자이(101동~108동),매매,84,서울특별시 양천구 신정동,1325,202507,2019,155000
목동현대3차,매매,84,서울특별시 양천구 신정동,1279,202507,1997,141000
목동현대3차,매매,101,서울특별시 양천구 신정동,1279,202507,1997,154500
목동현대3차,매매,114,서울특별시 양천구 신정동,1279,202507,1997,163500
목화,매매,84,서울특별시 용산구 청파동1가,84-3,202507,2004,98000
무림,매매,56,서울특별시 영등포구 대림동,993-8,202507,1981,60000
무악재한화,매매,113,서울특별시 서대문구 홍제동,464,202507,2001,112000
무학현대,매매,84,서울특별시 성동구 하왕십리동,992,202507,1996,98000
묵동자이(2단지),매매,101,서울특별시 중랑구 묵동,170-1,202507,2010,100500
묵동포레시타,매매,18,서울특별시 중랑구 묵동,393,202507,2013,13900
문래미원,매매,84,서울특별시 영등포구 문래동6가,54,202507,1996,91400
문래현대5차,매매,84,서울특별시 영등포구 문래동5가,23-1,202507,1992,81000
문래힐스테이트,매매,119,서울특별시 영등포구 문래동3가,94,202507,2003,160000
문정가락현대1차,매매,123,서울특별시 송파구 문정동,3,202507,1984,169000
문정대우푸르지오2차,매매,59,서울특별시 송파구 문정동,19,202507,2001,106500
문정래미안,매매,120,서울특별시 송파구 문정동,1,202507,2004,171333
문정래미안,매매,133,서울특별시 송파구 문정동,1,202507,2004,169000
문정시영,매매,25,서울특별시 송파구 문정동,145,202507,1989,47000
문정시영,매매,39,서울특별시 송파구 문정동,145,202507,1989,65850
문정시영,매매,46,서울특별시 송파구 문정동,145,202507,1989,77000
미래하임(아파트),매매,44,서울특별시 은평구 신사동,229-24,202507,2015,33000
미륭,매매,51,서울특별시 노원구 월계동,13,202507,1986,77900
미성,매매,33,서울특별시 노원구 월계동,13,202507,1986,62500
미성,매매,37,서울특별시 구로구 신도림동,290,202507,1989,45000
미원2,매매,59,서울특별시 마포구 망원동,433-9,202507,1997,63500
박석고개1단지힐스테이트(101~111동)BL2-12,매매,59,서울특별시 은평구 진관동,101,202507,2009,83800
박석고개1단지힐스테이트(116~131동)BL2-1,매매,59,서울특별시 은평구 진관동,102,202507,2009,88500
박석고개1단지힐스테이트(116~131동)BL2-1,매매,84,서울특별시 은평구 진관동,102,202507,2009,100500
반도,매매,136,서울특별시 용산구 이촌동,301-170,202507,1977,349000
반포리체,매매,84,서울특별시 서초구 반포동,30-26,202507,2010,430000
반포미도,매매,84,서울특별시 서초구 반포동,60-4,202507,1987,300000
반포미도2차아파트,매매,71,서울특별시 서초구 반포동,60-5,202507,1989,290000
반포자이,매매,194,서울특별시 서초구 반포동,20-43,202507,2009,650000
밤섬경남아너스빌,매매,84,서울특별시 마포구 신수동,459,202507,2009,131000
방배2차현대홈타운,매매,59,서울특별시 서초구 방배동,2001,202507,2001,190000
방배그랑자이,매매,84,서울특별시 서초구 방배동,3283,202507,2021,330000
방이금호어울림,매매,59,서울특별시 송파구 방이동,157,202507,2001,93000
방학동삼성래미안2,매매,84,서울특별시 도봉구 방학동,715-12,202507,2002,82500
방화메이빌,매매,50,서울특별시 강서구 방화동,902,202507,2017,48800
백련산에스케이뷰아이파크,매매,59,서울특별시 은평구 응암동,767,202507,2020,87750
백련산해모로,매매,59,서울특별시 은평구 응암동,768,202507,2020,79000
백련산힐스테이트1차,매매,59,서울특별시 은평구 응암동,759,202507,2011,70000
백련산힐스테이트2차,매매,59,서울특별시 은평구 응암동,760,202507,2011,73000
백련산힐스테이트2차,매매,84,서울특별시 은평구 응암동,760,202507,2011,84500
백련산힐스테이트3차,매매,59,서울특별시 은평구 응암동,761,202507,2011,76500
백련산힐스테이트3차,매매,84,서울특별시 은평구 응암동,761,202507,2011,81000
백조,매매,64,서울특별시 도봉구 쌍문동,724,202507,1981,38000
번동금호어울림,매매,84,서울특별시 강북구 번동,656,202507,1998,43700
범양프레체,매매,17,서울특별시 중랑구 중화동,208-4,202507,2012,11133
벽산,매매,59,서울특별시 금천구 시흥동,1010,202507,2000,38000
벽산,매매,59,서울특별시 노원구 상계동,173-1,202507,1989,45600
벽산,매매,59,서울특별시 중랑구 신내동,437,202507,2000,46350
벽산,매매,75,서울특별시 노원구 상계동,173-1,202507,1989,57500
벽산,매매,84,서울특별시 구로구 고척동,334,202507,2003,89967
벽산,매매,114,서울특별시 금천구 시흥동,1010,202507,2000,55500
벽산,매매,114,서울특별시 성동구 금호동1가,633,202507,2001,135000
벽산라이브파크,매매,59,서울특별시 강북구 미아동,1354,202507,2004,53500
벽산라이브파크,매매,60,서울특별시 강북구 미아동,1354,202507,2004,56700
벽산블루밍,매매,59,서울특별시 관악구 봉천동,1718,202507,2005,77760
벽산블루밍,매매,84,서울특별시 관악구 봉천동,1718,202507,2005,93000
벽산블루밍,매매,114,서울특별시 관악구 봉천동,1718,202507,2005,100750
벽산아파트1,매매,52,서울특별시 도봉구 방학동,275,202507,1991,30500
보라매 신동아 파밀리에,매매,84,서울특별시 영등포구 대림동,1125,202507,2016,94000
보라매경남아너스빌,매매,59,서울특별시 영등포구 신길동,4780,202507,2005,85000
보라매삼성,매매,84,서울특별시 관악구 봉천동,1698-1,202507,1996,70000
보라매에스케이뷰,매매,59,서울특별시 영등포구 신길동,4958,202507,2020,142250
보라매우성,매매,113,서울특별시 관악구 봉천동,1696,202507,1995,87000
보라매자이더포레스트,매매,59,서울특별시 동작구 신대방동,724,202507,2021,127433
보람아파트,매매,68,서울특별시 노원구 상계동,639,202507,1988,62700
보문파크뷰자이,매매,59,서울특별시 성북구 보문동6가,458,202507,2017,97500
봉천동아,매매,84,서울특별시 관악구 봉천동,1703,202507,2000,92000
봉천동아,매매,114,서울특별시 관악구 봉천동,1703,202507,2000,103000
부영3,매매,89,서울특별시 양천구 목동,908-34,202507,2000,162000
북가좌삼호,매매,114,서울특별시 서대문구 북가좌동,449,202507,1996,87000
북한산대창센시티,매매,59,서울특별시 은평구 불광동,71-16,202507,2004,59000
북한산대창센시티,매매,84,서울특별시 은평구 불광동,71-16,202507,2004,59500
북한산아이파크5차,매매,101,서울특별시 도봉구 창동,825,202507,2004,103000
북한산아이파크5차,매매,165,서울특별시 도봉구 창동,825,202507,2004,141500
북한산푸르지오,매매,59,서울특별시 은평구 녹번동,281,202507,2015,93000
북한산현대홈타운,매매,59,서울특별시 은평구 불광동,633,202507,2004,77800
북한산현대힐스테이트3차아파트,매매,59,서울특별시 은평구 불광동,641,202507,2010,78500
북한산현대힐스테이트3차아파트,매매,84,서울특별시 은평구 불광동,641,202507,2010,89800
북한산힐스테이트1차아파트,매매,59,서울특별시 은평구 불광동,635,202507,2009,77000
북한산힐스테이트7차,매매,59,서울특별시 은평구 불광동,643,202507,2011,95500
북한산힐스테이트7차,매매,84,서울특별시 은평구 불광동,643,202507,2011,113000
불광롯데캐슬,매매,59,서울특별시 은평구 불광동,645,202507,2018,91500
브라운스톤공덕아파트,매매,114,서울특별시 마포구 신공덕동,170,202507,2009,218000
브라운스톤남산,매매,166,서울특별시 용산구 후암동,458,202507,2004,167000
브라운스톤방배,매매,114,서울특별시 서초구 방배동,899-16,202507,2005,253000
브라운스톤쌍문,매매,59,서울특별시 도봉구 쌍문동,729,202507,2006,52000
브라운스톤태릉,매매,83,서울특별시 중랑구 묵동,387,202507,2004,87500
비선아파트,매매,48,서울특별시 노원구 공릉동,109,202507,1999,40000
비즈트위트레드,매매,20,서울특별시 구로구 구로동,104-8,202507,2016,15000
사가정센트럴아이파크,매매,84,서울특별시 중랑구 면목동,1545,202507,2020,124500
사당자이,매매,60,서울특별시 동작구 사당동,1139,202507,1999,84500
사당자이,매매,84,서울특별시 동작구 사당동,1139,202507,1999,100750
사당휴브리지(206-127),매매,12,서울특별시 동작구 사당동,206-127,202507,2015,14200
사슴3,매매,33,서울특별시 노원구 월계동,320-11,202507,1995,34000
산업인,매매,47,서울특별시 구로구 고척동,57-9,202507,1976,23333
산호,매매,40,서울특별시 용산구 원효로4가,118-16,202507,1977,149000
삼각산아이원,매매,59,서울특별시 강북구 미아동,1357,202507,2003,58500
삼각산아이원,매매,84,서울특별시 강북구 미아동,1357,202507,2003,69975
삼각산아이원,매매,114,서울특별시 강북구 미아동,1357,202507,2003,79300
삼두,매매,42,서울특별시 영등포구 신길동,2-3,202507,1987,53000
삼두,매매,43,서울특별시 영등포구 신길동,2-3,202507,1987,52500
삼부,매매,77,서울특별시 영등포구 여의도동,30-2,202507,1976,360000
삼부,매매,146,서울특별시 영등포구 여의도동,30-2,202507,1977,510500
삼성,매매,60,서울특별시 영등포구 신길동,4759,202507,1984,76000
삼성,매매,73,서울특별시 송파구 오금동,160,202507,1989,97500
삼성,매매,84,서울특별시 종로구 평창동,596,202507,1998,80500
삼성동롯데아파트,매매,59,서울특별시 강남구 삼성동,17,202507,2000,200000
삼성동중앙하이츠빌리지,매매,59,서울특별시 강남구 삼성동,14-1,202507,2004,253500
삼성동힐스테이트 1단지,매매,31,서울특별시 강남구 삼성동,16-2,202507,2008,137000
삼성래미안,매매,56,서울특별시 구로구 구로동,256-1,202507,2004,67700
삼성래미안,매매,58,서울특별시 구로구 구로동,256-1,202507,2004,76250
삼성래미안,매매,59,서울특별시 용산구 도원동,23,202507,2001,124500
삼성래미안,매매,59,서울특별시 영등포구 신길동,4934,202507,2001,84175
삼성래미안,매매,78,서울특별시 구로구 구로동,256-1,202507,2004,85000
삼성래미안,매매,84,서울특별시 용산구 도원동,23,202507,2001,153500
삼성래미안,매매,84,서울특별시 도봉구 창동,45,202507,1992,72000
삼성래미안,매매,84,서울특별시 강남구 도곡동,91-5,202507,2001,310000
삼성래미안1,매매,84,서울특별시 서초구 방배동,2626,202507,2003,181000
삼성래미안트리베라2단지,매매,84,서울특별시 강북구 미아동,812,202507,2010,87933
삼성산주공(주공3단지),매매,58,서울특별시 관악구 신림동,1714,202507,2000,53700
삼성산주공(주공3단지),매매,83,서울특별시 관악구 신림동,1714,202507,2000,59500
삼성산주공(주공3단지),매매,113,서울특별시 관악구 신림동,1714,202507,2000,73000
삼성타운,매매,59,서울특별시 은평구 대조동,231,202507,1997,53800
삼성한마음,매매,59,서울특별시 강서구 염창동,244-2,202507,1995,74500
삼성한마음,매매,84,서울특별시 강서구 염창동,244-2,202507,1995,90000
삼성한사랑1,매매,59,서울특별시 강서구 등촌동,632-4,202507,1997,68200
삼익그린2차,매매,42,서울특별시 강동구 명일동,15,202507,1983,114000
삼익그린2차,매매,107,서울특별시 강동구 명일동,15,202507,1984,209900
삼익선경,매매,107,서울특별시 노원구 하계동,255-1,202507,1993,88600
삼익세라믹,매매,58,서울특별시 도봉구 쌍문동,56,202507,1988,38000
삼익세라믹,매매,79,서울특별시 도봉구 쌍문동,56,202507,1988,55000
삼익세라믹아파트,매매,84,서울특별시 도봉구 방학동,274,202507,1988,53500
삼익아파트.상가동,매매,59,서울특별시 중랑구 중화동,438,202507,1995,36000
삼익파크맨션,매매,59,서울특별시 강동구 길동,53,202507,1983,89500
삼익파크맨션,매매,95,서울특별시 강동구 길동,53,202507,1983,133000
삼익포레스트아파트,매매,51,서울특별시 노원구 공릉동,737,202507,1995,43000
삼창,매매,56,서울특별시 노원구 월계동,448-3,202507,1984,43000
삼천리,매매,59,서울특별시 영등포구 양평동3가,24,202507,2000,86800
삼풍아파트,매매,79,서울특별시 서초구 서초동,1685,202507,1988,335000
삼풍아파트,매매,165,서울특별시 서초구 서초동,1685,202507,1988,450000
삼형아파트,매매,99,서울특별시 송파구 문정동,96-12,202507,2002,75000
삼환,매매,59,서울특별시 구로구 개봉동,470,202507,1995,52500
삼환,매매,59,서울특별시 영등포구 영등포동8가,76-1,202507,1999,104000
삼환,매매,72,서울특별시 송파구 가락동,176,202507,1984,159267
삼환,매매,121,서울특별시 송파구 가락동,176,202507,1984,182500
상계2차중앙하이츠,매매,59,서울특별시 노원구 상계동,1282,202507,1998,58450
상계2차중앙하이츠,매매,84,서울특별시 노원구 상계동,1282,202507,1998,83800
상계대림,매매,59,서울특별시 노원구 상계동,172,202507,1989,49300
상계불암대림,매매,84,서울특별시 노원구 상계동,1289,202507,2000,69500
상계주공1(고층),매매,41,서울특별시 노원구 상계동,765,202507,1988,42000
상계주공10(고층),매매,60,서울특별시 노원구 상계동,666,202507,1988,54500
상계주공11(고층),매매,41,서울특별시 노원구 상계동,652,202507,1988,45000
상계주공14(고층),매매,41,서울특별시 노원구 상계동,626,202507,1989,38550
상계주공16(고층),매매,45,서울특별시 노원구 상계동,624,202507,1988,38500
상계주공2(고층),매매,41,서울특별시 노원구 상계동,740,202507,1987,45750
상계주공2(고층),매매,58,서울특별시 노원구 상계동,740,202507,1987,60000
상계주공3(고층),매매,60,서울특별시 노원구 상계동,730-2,202507,1987,68000
상계주공4(고층),매매,37,서울특별시 노원구 상계동,749-5,202507,1988,37000
상계주공5(저층),매매,31,서울특별시 노원구 상계동,721,202507,1987,45500
상계주공6(고층),매매,41,서울특별시 노원구 상계동,720,202507,1988,49600
상계주공6(고층),매매,49,서울특별시 노원구 상계동,720,202507,1988,59000
상계주공6(고층),매매,58,서울특별시 노원구 상계동,720,202507,1988,59900
상계주공7(고층),매매,41,서울특별시 노원구 상계동,691,202507,1988,52800
상계주공7(고층),매매,45,서울특별시 노원구 상계동,691,202507,1988,50000
상계주공7(고층),매매,49,서울특별시 노원구 상계동,691,202507,1988,67300
상계주공7(고층),매매,58,서울특별시 노원구 상계동,691,202507,1988,75000
상계주공9(고층),매매,45,서울특별시 노원구 상계동,670,202507,1988,39533
상계주공9(고층),매매,49,서울특별시 노원구 상계동,670,202507,1988,49500
상계주공9(고층),매매,58,서울특별시 노원구 상계동,670,202507,1988,55500
상도2차갑을명가,매매,84,서울특별시 동작구 상도동,459,202507,2006,73500
상도푸르지오클라베뉴,매매,84,서울특별시 동작구 상도동,906,202507,2024,141000
상도현대,매매,59,서울특별시 동작구 상도동,412,202507,2003,72000
상도효성해링턴플레이스,매매,59,서울특별시 동작구 상도동,536,202507,2016,120000
상림마을7단지아이파크(713~718동)BL1-11,매매,84,서울특별시 은평구 진관동,15,202507,2008,85500
상림마을8단지롯데캐슬(801~809동)BL1-2,매매,59,서울특별시 은평구 진관동,14,202507,2008,69000
상림마을8단지롯데캐슬(801~809동)BL1-2,매매,84,서울특별시 은평구 진관동,14,202507,2008,85000
상림마을8단지롯데캐슬(821~830동)BL1-12,매매,84,서울특별시 은평구 진관동,20,202507,2008,87000
상봉베스트원,매매,12,서울특별시 중랑구 상봉동,101-19,202507,2019,13400
상봉베스트원,매매,13,서울특별시 중랑구 상봉동,101-19,202507,2019,13500
상아,매매,72,서울특별시 노원구 중계동,505,202507,1989,75000
상아2차아파트,매매,44,서울특별시 도봉구 창동,300,202507,1988,45300
상암월드컵파크10단지,매매,84,서울특별시 마포구 상암동,1736,202507,2010,104000
상암월드컵파크11단지,매매,84,서울특별시 마포구 상암동,1741,202507,2010,95000
상암월드컵파크3단지,매매,84,서울특별시 마포구 상암동,1643,202507,2003,80000
상암월드컵파크6단지,매매,84,서울특별시 마포구 상암동,1689,202507,2005,127250
상암월드컵파크6단지,매매,104,서울특별시 마포구 상암동,1689,202507,2005,159000
서울,매매,139,서울특별시 영등포구 여의도동,21-1,202507,1976,527000
서울가든,매매,100,서울특별시 양천구 신월동,475,202507,1985,69000
서울대입구아이원(1560-61),매매,59,서울특별시 관악구 봉천동,1560-61,202507,2006,88400
서울숲성수현대,매매,84,서울특별시 성동구 성수동1가,676-5,202507,1990,145000
서울숲아이파크,매매,116,서울특별시 성동구 송정동,104,202507,2009,135000
서울숲한양현대,매매,84,서울특별시 성동구 성수동1가,707,202507,1999,138000
서원,매매,40,서울특별시 도봉구 도봉동,641,202507,1996,28800
서원,매매,49,서울특별시 도봉구 도봉동,641,202507,1996,33000
서진프라자아파트,매매,92,서울특별시 노원구 공릉동,492-3,202507,1997,51300
서초5차e편한세상,매매,158,서울특별시 서초구 서초동,1467-62,202507,2005,270000
서초더샵포레,매매,84,서울특별시 서초구 내곡동,411,202507,2014,165000
서초센트럴IPARK,매매,80,서울특별시 서초구 서초동,1582-3,202507,2020,187000
서초현대,매매,53,서울특별시 서초구 서초동,1648-2,202507,1999,125000
서초힐스,매매,84,서울특별시 서초구 우면동,773,202507,2012,176000
서희스타힐스,매매,80,서울특별시 동대문구 장안동,365-4,202507,2013,65000
선광,매매,51,서울특별시 강동구 성내동,565,202507,1997,59300
선사현대아파트,매매,59,서울특별시 강동구 암사동,509,202507,2000,102750
선일크라시아,매매,57,서울특별시 동대문구 장안동,344-5,202507,2008,32000
성동강변파크빌101(강변타워),매매,84,서울특별시 광진구 구의동,657,202507,2001,113000
성북,매매,37,서울특별시 성북구 성북동,348-3,202507,1971,23000
성산시영(대우),매매,50,서울특별시 마포구 성산동,446,202507,1986,85000
성신,매매,48,서울특별시 마포구 망원동,433-3,202507,1976,45500
성아1,매매,91,서울특별시 용산구 한남동,263-10,202507,1970,76000
성안마을청구,매매,59,서울특별시 강동구 성내동,295,202507,2002,83900
성안마을청구,매매,84,서울특별시 강동구 성내동,295,202507,2002,114000
성요셉,매매,36,서울특별시 중구 중림동,149,202507,1971,19450
성원,매매,59,서울특별시 강서구 염창동,295,202507,2001,78000
성원,매매,59,서울특별시 영등포구 당산동5가,40,202507,1997,80000
성원,매매,84,서울특별시 중랑구 신내동,783,202507,1994,63000
성원(650),매매,59,서울특별시 영등포구 대림동,650,202507,1995,62950
성원(사슴4),매매,39,서울특별시 노원구 월계동,322-1,202507,1995,38000
성원그린(103동),매매,84,서울특별시 강북구 우이동,340,202507,1995,49500
성원대치2단지아파트,매매,39,서울특별시 강남구 개포동,12,202507,1992,140000
성원대치2단지아파트,매매,49,서울특별시 강남구 개포동,12,202507,1992,167000
성지,매매,84,서울특별시 송파구 송파동,171,202507,1992,210000
세곡푸르지오,매매,84,서울특별시 강남구 세곡동,533,202507,2012,152500
세방리버하이빌,매매,84,서울특별시 용산구 신창동,102,202507,2005,114000
세양,매매,84,서울특별시 광진구 구의동,658,202507,2002,155000
송파더센트레,매매,51,서울특별시 송파구 장지동,879,202507,2013,107167
송파두산위브,매매,59,서울특별시 송파구 오금동,135,202507,2019,104667
송파레이크파크호반써밋Ⅱ,매매,108,서울특별시 송파구 거여동,607,202507,2022,205500
송파삼성래미안아파트,매매,126,서울특별시 송파구 송파동,162,202507,2001,183500
송파시그니처롯데캐슬,매매,59,서울특별시 송파구 거여동,697,202507,2021,150000
송파시그니처롯데캐슬,매매,84,서울특별시 송파구 거여동,697,202507,2021,178833
송파파인타운10단지,매매,59,서울특별시 송파구 장지동,856,202507,2007,135000
송파파인타운12단지,매매,84,서울특별시 송파구 장지동,855,202507,2011,145000
송파파인타운3단지,매매,84,서울특별시 송파구 장지동,849,202507,2008,140333
송파파크데일1단지,매매,84,서울특별시 송파구 마천동,582,202507,2011,108500
송파파크데일2단지,매매,84,서울특별시 송파구 마천동,607,202507,2011,110000
송파현대힐스테이트,매매,84,서울특별시 송파구 풍납동,511,202507,2006,113900
송학휴스테이,매매,51,서울특별시 도봉구 방학동,636,202507,2016,35500
수락리버시티3단지,매매,84,서울특별시 노원구 상계동,1312,202507,2009,63000
수산동양빌,매매,83,서울특별시 성북구 하월곡동,223,202507,2003,55000
수산오성,매매,84,서울특별시 강서구 내발산동,721-3,202507,2002,80000
수유벽산1차,매매,84,서울특별시 강북구 수유동,205,202507,1993,53000
수유프리미어엠,매매,19,서울특별시 강북구 수유동,48-8,202507,2016,12000
수유현대,매매,59,서울특별시 강북구 수유동,729,202507,2000,43800
수정,매매,150,서울특별시 영등포구 여의도동,32,202507,1976,310000
순영웰라이빌1차,매매,59,서울특별시 구로구 구로동,106-10,202507,2003,50000
스위트드림아파트,매매,50,서울특별시 강서구 화곡동,1168,202507,2019,44800
스카이,매매,82,서울특별시 강서구 공항동,14-10,202507,2000,54200
스카이(924-10),매매,33,서울특별시 강서구 화곡동,924-10,202507,2014,24000
시범,매매,60,서울특별시 영등포구 여의도동,50,202507,1971,244500
시범,매매,118,서울특별시 영등포구 여의도동,50,202507,1971,296500
시범(중산1차),매매,59,서울특별시 용산구 이촌동,211-2,202507,1970,106000
시영3차(라이프)아파트,매매,34,서울특별시 노원구 공릉동,715,202507,1994,30500
시티프라디움,매매,68,서울특별시 도봉구 쌍문동,734,202507,2021,62000
신개봉삼환,매매,59,서울특별시 구로구 개봉동,170-30,202507,2001,55000
신금호파크자이,매매,84,서울특별시 성동구 금호동2가,1,202507,2016,191000
신길레전드힐스,매매,13,서울특별시 영등포구 신길동,261-22,202507,2013,8815
신길센트럴아이파크,매매,59,서울특별시 영등포구 신길동,4955,202507,2019,134000
신길센트럴자이아파트,매매,59,서울특별시 영등포구 신길동,4964,202507,2021,142500
신길센트럴자이아파트,매매,84,서울특별시 영등포구 신길동,4964,202507,2021,159000
신내,매매,49,서울특별시 중랑구 묵동,13,202507,1996,45500
신내 데시앙포레,매매,84,서울특별시 중랑구 신내동,817,202507,2013,72500
신내11대명,매매,39,서울특별시 중랑구 신내동,661,202507,1996,37000
신내6대주,매매,39,서울특별시 중랑구 신내동,650,202507,1996,38667
신내6대주,매매,49,서울특별시 중랑구 신내동,650,202507,1996,50000
신내9진흥,매매,49,서울특별시 중랑구 신내동,657,202507,1996,44750
신내우디안1단지,매매,84,서울특별시 중랑구 신내동,816,202507,2014,72250
신내우디안1단지,매매,101,서울특별시 중랑구 신내동,816,202507,2014,81500
신대림자이1단지,매매,84,서울특별시 영등포구 대림동,1121,202507,2007,82000
신도,매매,59,서울특별시 중랑구 묵동,167,202507,1998,60000
신도1차아파트,매매,81,서울특별시 노원구 공릉동,748,202507,2002,78500
신도림로제리움,매매,16,서울특별시 구로구 구로동,43-1,202507,2012,11500
신도림롯데아파트,매매,84,서울특별시 구로구 구로동,1263,202507,1999,94700
신도림롯데아파트,매매,170,서울특별시 구로구 구로동,1263,202507,1999,118000
신도림현대,매매,80,서울특별시 구로구 구로동,560,202507,1994,80500
신도브래뉴2차,매매,84,서울특별시 양천구 신월동,1031,202507,2004,57500
신동아,매매,33,서울특별시 강남구 수서동,736,202507,1992,110000
신동아,매매,39,서울특별시 강남구 수서동,736,202507,1992,128500
신동아,매매,49,서울특별시 강남구 수서동,736,202507,1992,160000
신동아,매매,49,서울특별시 동대문구 용두동,779,202507,1994,59500
신동아,매매,58,서울특별시 동대문구 용두동,779,202507,1994,67250
신동아,매매,59,서울특별시 성동구 행당동,344,202507,1995,98000
신동아,매매,84,서울특별시 동작구 본동,481,202507,1993,113500
신동아(22),매매,84,서울특별시 강남구 논현동,22,202507,1997,200000
신동아리버파크,매매,59,서울특별시 동작구 노량진동,325,202507,2001,113500
신동아리버파크,매매,114,서울특별시 동작구 노량진동,325,202507,2001,133000
신동아아파트1,매매,51,서울특별시 도봉구 방학동,271-1,202507,1987,35900
신동아아파트1,매매,53,서울특별시 도봉구 방학동,271-1,202507,1988,34800
신동아아파트1,매매,70,서울특별시 도봉구 방학동,271-1,202507,1987,45500
신림2차푸르지오,매매,59,서울특별시 관악구 신림동,1736,202507,2007,63000
신림푸르지오,매매,138,서울특별시 관악구 신림동,1730,202507,2005,90000
신림현대,매매,34,서울특별시 관악구 신림동,1694,202507,1993,43150
신마곡벽산블루밍,매매,49,서울특별시 강서구 방화동,904,202507,2020,62500
신반포4,매매,96,서울특별시 서초구 잠원동,70,202507,1979,445000
신반포중앙하이츠,매매,73,서울특별시 서초구 잠원동,71-9,202507,2021,190000
신성노바빌아파트,매매,114,서울특별시 송파구 풍납동,510,202507,2000,138800
신성미소지움,매매,59,서울특별시 성동구 마장동,822,202507,2004,87400
신성미소지움,매매,84,서울특별시 양천구 신월동,1020,202507,2003,70000
신성수정,매매,59,서울특별시 은평구 신사동,358,202507,1996,44500
신안1,매매,59,서울특별시 중랑구 묵동,381,202507,1999,57500
신안네트빌1단지,매매,84,서울특별시 강서구 방화동,868,202507,2002,70000
신안파크,매매,47,서울특별시 양천구 신월동,350-2,202507,1987,31500
신원아파트,매매,59,서울특별시 노원구 공릉동,370-4,202507,2000,51150
신월2차보람쉬움,매매,59,서울특별시 양천구 신월동,1039,202507,2005,50000
신월6차보람,매매,59,서울특별시 양천구 신월동,125,202507,2005,54500
신월시영,매매,43,서울특별시 양천구 신월동,987-1,202507,1988,46500
신월시영,매매,50,서울특별시 양천구 신월동,987-1,202507,1988,56250
신창,매매,39,서울특별시 도봉구 창동,810,202507,1998,26000
신촌금호,매매,84,서울특별시 마포구 창전동,438,202507,2001,114500
신촌삼익,매매,59,서울특별시 마포구 신수동,450,202507,1997,109500
신촌삼익,매매,84,서울특별시 마포구 신수동,450,202507,1997,130000
신촌자이엘라,매매,21,서울특별시 서대문구 대현동,104-36,202507,2014,27900
신촌포스빌,매매,32,서울특별시 마포구 노고산동,1-3,202507,2004,31500
신트리1,매매,49,서울특별시 양천구 신정동,1259,202507,1999,61500
신트리4,매매,48,서울특별시 양천구 신정동,1277,202507,2000,55750
신현대12차,매매,108,서울특별시 강남구 압구정동,434,202507,1982,697000
신현대12차,매매,155,서울특별시 강남구 압구정동,434,202507,1982,830000
쌍용,매매,84,서울특별시 강남구 논현동,103,202507,1996,130000
쌍용,매매,84,서울특별시 송파구 풍납동,401-1,202507,1994,120500
쌍용,매매,84,서울특별시 도봉구 창동,807,202507,1997,95800
쌍용대치2,매매,84,서울특별시 강남구 대치동,65,202507,1983,390000
쌍용스윗닷홈,매매,84,서울특별시 동작구 상도동,418,202507,2003,110000
쌍용플래티넘S,매매,18,서울특별시 영등포구 대림동,717,202507,2013,10300
아남1,매매,71,서울특별시 강동구 고덕동,486,202507,1996,103000
아녜스타워4,매매,12,서울특별시 강서구 화곡동,914-37,202507,2012,11000
아녜스타워4,매매,13,서울특별시 강서구 화곡동,914-37,202507,2012,11000
아르지움주상복합,매매,49,서울특별시 은평구 응암동,577-7,202507,2024,58900
아르체움등촌,매매,20,서울특별시 강서구 염창동,275,202507,2025,34056
아르체움등촌,매매,25,서울특별시 강서구 염창동,275,202507,2025,41775
아셈그린힐,매매,74,서울특별시 금천구 독산동,184-3,202507,2002,46000
아이파크,매매,84,서울특별시 동작구 상도동,416,202507,2004,121500
아인리베,매매,83,서울특별시 강동구 둔촌동,488,202507,2005,80000
아크로비스타,매매,137,서울특별시 서초구 서초동,1685-3,202507,2004,299000
아크로비스타,매매,177,서울특별시 서초구 서초동,1685-3,202507,2004,370000
아크로서울포레스트,매매,96,서울특별시 성동구 성수동1가,685-700,202507,2020,510000
아크로힐스논현,매매,84,서울특별시 강남구 논현동,276-1,202507,2014,275000
아크로힐스논현,매매,113,서울특별시 강남구 논현동,276-1,202507,2014,329500
암사e편한세상,매매,84,서울특별시 강동구 암사동,422-26,202507,2005,90000
암사동한솔,매매,84,서울특별시 강동구 암사동,419,202507,2002,99000
양지쉐르빌아파트(415-1),매매,56,서울특별시 동대문구 장안동,415-1,202507,2016,45500
양평한신,매매,59,서울특별시 영등포구 양평동5가,76,202507,1996,97000
양평한신,매매,84,서울특별시 영등포구 양평동5가,76,202507,1996,113000
양평현대6차,매매,59,서울특별시 영등포구 양평동3가,101,202507,2000,100500
에스아이팰리스강동센텀I,매매,31,서울특별시 강동구 길동,388-2,202507,2023,40848
에스아이팰리스강동센텀I,매매,33,서울특별시 강동구 길동,388-2,202507,2023,46567
에스아이팰리스강동센텀I,매매,34,서울특별시 강동구 길동,388-2,202507,2023,42463
에스케이북한산시티,매매,59,서울특별시 강북구 미아동,1353,202507,2004,62750
에스케이북한산시티,매매,84,서울특별시 강북구 미아동,1353,202507,2004,69712
에스케이북한산시티,매매,114,서울특별시 강북구 미아동,1353,202507,2004,79475
에코벨리,매매,62,서울특별시 은평구 신사동,34-7,202507,2003,40500
여의휴젠느,매매,36,서울특별시 영등포구 영등포동7가,94-99,202507,2018,48300
역삼2차아이파크,매매,119,서울특별시 강남구 역삼동,765-32,202507,2008,355000
역삼I'PARK,매매,28,서울특별시 강남구 역삼동,713-11,202507,2006,83800
역촌월드,매매,73,서울특별시 은평구 역촌동,19-3,202507,2003,39000
연희자이엘라,매매,13,서울특별시 서대문구 연희동,745,202507,2014,14900
염창1차보람더하임,매매,84,서울특별시 강서구 염창동,305,202507,2008,109000
염창동한강우성,매매,65,서울특별시 강서구 염창동,66-9,202507,1990,75500
영등포아트자이,매매,84,서울특별시 영등포구 도림동,821,202507,2014,130000
영등포중흥에스클래스,매매,84,서울특별시 영등포구 양평동1가,271,202507,2021,136000
영등포푸르지오,매매,59,서울특별시 영등포구 영등포동,647,202507,2002,114000
영등포푸르지오,매매,73,서울특별시 영등포구 영등포동,647,202507,2002,110500
영등포푸르지오,매매,79,서울특별시 영등포구 영등포동,647,202507,2002,128000
영화블렌하임,매매,103,서울특별시 마포구 망원동,517,202507,2009,94000
예도팔라티움,매매,12,서울특별시 강북구 수유동,223-7,202507,2020,14000
예전이룸(965-1),매매,49,서울특별시 금천구 독산동,965-1,202507,2003,37300
예촌그린,매매,97,서울특별시 관악구 남현동,1072-46,202507,2004,59500
오동공원현대,매매,59,서울특별시 강북구 번동,760,202507,2001,57000
오목교벽산블루밍,매매,59,서울특별시 영등포구 양평동2가,39-1,202507,1996,63000
옥수파크힐스101동~116동,매매,59,서울특별시 성동구 옥수동,528,202507,2016,210000
올림픽선수기자촌1단지,매매,131,서울특별시 송파구 방이동,89,202507,1988,243000
올림픽선수기자촌3단지,매매,135,서울특별시 송파구 방이동,89,202507,1988,320000
올림픽파크한양수자인,매매,84,서울특별시 강동구 성내동,606,202507,2016,160000
올림픽훼밀리타운,매매,117,서울특별시 송파구 문정동,150,202507,1988,265000
올림픽훼밀리타운,매매,136,서울특별시 송파구 문정동,150,202507,1988,275250
왕십리자이,매매,59,서울특별시 성동구 하왕십리동,1071,202507,2017,137200
왕십리풍림아이원,매매,59,서울특별시 성동구 하왕십리동,1061,202507,2004,110000
용마산금호어울림,매매,75,서울특별시 중랑구 면목동,1525,202507,2006,74000
용마산모아엘가파크포레,매매,83,서울특별시 중랑구 면목동,1549,202507,2023,79000
용마산하늘채,매매,84,서울특별시 중랑구 면목동,1537,202507,2015,94500
용산KCC웰츠타워,매매,97,서울특별시 용산구 문배동,11-10,202507,2015,167500
용산롯데캐슬센터포레,매매,59,서울특별시 용산구 효창동,287,202507,2019,169800
용산롯데캐슬센터포레,매매,84,서울특별시 용산구 효창동,287,202507,2019,220000
용산시티파크(1단지),매매,177,서울특별시 용산구 한강로3가,63-389,202507,2007,475000
용산케이씨씨스위첸,매매,59,서울특별시 용산구 효창동,286,202507,2018,150000
용산케이씨씨스위첸,매매,84,서울특별시 용산구 효창동,286,202507,2018,177500
용산큐브,매매,13,서울특별시 용산구 문배동,24-4,202507,2013,19000
용산파크타워(24-0),매매,123,서울특별시 용산구 용산동5가,24,202507,2009,319000
용산푸르지오써밋(420),매매,137,서울특별시 용산구 한강로2가,420,202507,2017,345000
우남푸르미아,매매,84,서울특별시 중랑구 신내동,802,202507,2005,66000
우림루미아트,매매,59,서울특별시 영등포구 양평동3가,102,202507,2004,88000
우림루미아트1,매매,84,서울특별시 노원구 상계동,1306,202507,2004,67000
우림필유,매매,59,서울특별시 구로구 오류동,348,202507,2005,55500
우방,매매,59,서울특별시 노원구 하계동,353,202507,1999,48000
우방,매매,77,서울특별시 노원구 하계동,353,202507,1999,63000
우방,매매,84,서울특별시 구로구 구로동,642-46,202507,1993,60000
우방아파트,매매,55,서울특별시 송파구 마천동,576,202507,2002,64500
우방아파트,매매,61,서울특별시 노원구 공릉동,108,202507,2000,55000
우성,매매,43,서울특별시 송파구 가락동,96-1,202507,1986,113500
우성,매매,64,서울특별시 강동구 천호동,19-1,202507,1985,85500
우성,매매,66,서울특별시 강서구 등촌동,630-3,202507,1992,62967
우성,매매,68,서울특별시 마포구 도화동,82,202507,1991,134000
우성,매매,84,서울특별시 강동구 천호동,19-1,202507,1985,96700
"우성,현대아파트",매매,68,서울특별시 구로구 고척동,76-55,202507,1987,60000
우성1,매매,51,서울특별시 광진구 자양동,579,202507,1988,107000
우성1,매매,79,서울특별시 광진구 자양동,579,202507,1988,134750
우성1차,매매,66,서울특별시 동작구 신대방동,565,202507,1988,84000
우성1차,매매,126,서울특별시 동작구 신대방동,565,202507,1988,134000
우성2,매매,53,서울특별시 영등포구 신길동,4518,202507,1986,96000
우성2,매매,80,서울특별시 광진구 자양동,520-2,202507,1989,135000
우성2,매매,84,서울특별시 구로구 신도림동,639,202507,1996,98000
우성3,매매,51,서울특별시 광진구 자양동,516,202507,1989,114000
우성3,매매,83,서울특별시 영등포구 신길동,4656,202507,1989,93000
우성5,매매,59,서울특별시 구로구 신도림동,638,202507,1994,77000
우성7,매매,83,서울특별시 강남구 일원동,615,202507,1987,297000
우성꿈동산,매매,79,서울특별시 구로구 고척동,321,202507,1996,46000
우성아파트1,매매,72,서울특별시 도봉구 방학동,507,202507,1992,44000
우성아파트2,매매,84,서울특별시 도봉구 방학동,508,202507,1993,53000
우성캐릭터빌,매매,160,서울특별시 강남구 도곡동,467-18,202507,1998,285000
우암쎈스뷰아파트,매매,68,서울특별시 도봉구 방학동,713-12,202507,2003,51000
우장산동문디이스트,매매,59,서울특별시 강서구 내발산동,765,202507,2023,50000
우장산롯데캐슬,매매,85,서울특별시 강서구 화곡동,1145,202507,2003,115000
우장산숲아이파크,매매,59,서울특별시 강서구 화곡동,1173,202507,2022,112000
우장산신일해피트리,매매,43,서울특별시 강서구 내발산동,763,202507,2023,50000
"우장산아이파크,이편한세상",매매,59,서울특별시 강서구 화곡동,1159,202507,2008,112000
"우장산아이파크,이편한세상",매매,114,서울특별시 강서구 화곡동,1159,202507,2008,144000
우장산한화꿈에그린,매매,84,서울특별시 강서구 화곡동,1151,202507,2004,83200
우정,매매,84,서울특별시 동작구 대방동,505,202507,1999,95000
우정에쉐르,매매,72,서울특별시 서초구 서초동,1355-24,202507,2004,99000
우정하이비전,매매,84,서울특별시 관악구 신림동,1721,202507,2004,64000
우창,매매,132,서울특별시 송파구 오금동,164,202507,1985,156000
월계센트럴아이파크,매매,84,서울특별시 노원구 월계동,951,202507,2020,101500
월계역신도브래뉴,매매,59,서울특별시 노원구 월계동,942,202507,2005,59800
월곡두산위브,매매,59,서울특별시 성북구 하월곡동,222,202507,2003,78000
월곡두산위브,매매,84,서울특별시 성북구 하월곡동,222,202507,2003,83425
월곡두산위브,매매,114,서울특별시 성북구 하월곡동,222,202507,2003,93000
"월드메르디앙201동,202동",매매,66,서울특별시 강서구 방화동,879,202507,2004,64500
위너스힐(111-89),매매,52,서울특별시 광진구 화양동,111-89,202507,2021,57000
위례24단지(꿈에그린),매매,51,서울특별시 송파구 장지동,901,202507,2013,120000
위례24단지(꿈에그린),매매,59,서울특별시 송파구 장지동,901,202507,2013,138000
위례2차아이파크,매매,90,서울특별시 송파구 장지동,884,202507,2016,168000
위례아이파크,매매,87,서울특별시 송파구 장지동,894,202507,2015,167500
위례중앙푸르지오2단지,매매,84,서울특별시 송파구 장지동,896,202507,2016,154667
위산엘리시움,매매,54,서울특별시 은평구 역촌동,17-17,202507,2018,49000
유원,매매,64,서울특별시 서대문구 홍은동,22,202507,1987,51000
유원하나,매매,58,서울특별시 서대문구 홍제동,454,202507,1996,57000
유진스웰,매매,136,서울특별시 광진구 광장동,121,202507,2011,220000
유호루하스,매매,17,서울특별시 은평구 갈현동,548,202507,2018,10400
은빛1단지,매매,59,서울특별시 노원구 상계동,1255,202507,1998,49200
"은성드림존101동,102동",매매,84,서울특별시 도봉구 창동,603-25,202507,2003,37000
은천누리에뜰,매매,131,서울특별시 관악구 봉천동,622-3,202507,2007,95000
은평뉴타운 제각말 푸르지오(5-1단지),매매,84,서울특별시 은평구 진관동,154,202507,2010,77500
은평뉴타운 제각말 푸르지오(5-4단지),매매,84,서울특별시 은평구 진관동,92,202507,2010,85400
은평뉴타운솔하임,매매,45,서울특별시 은평구 진관동,60,202507,2017,52500
은평스카이뷰자이,매매,84,서울특별시 은평구 진관동,62,202507,2019,106000
응암동금호,매매,59,서울특별시 은평구 응암동,739,202507,1998,61500
응암아네스트,매매,13,서울특별시 은평구 응암동,88-8,202507,2014,10500
응암푸르지오,매매,84,서울특별시 은평구 응암동,176,202507,2008,74000
이너스삼성,매매,71,서울특별시 영등포구 양평동1가,269,202507,2005,71000
이대경우타운,매매,15,서울특별시 서대문구 대현동,90-20,202507,2018,13100
이문휘경지웰에스테이트,매매,14,서울특별시 동대문구 휘경동,377,202507,2021,17300
이수브라운스톤돈암,매매,59,서울특별시 성북구 돈암동,636,202507,2004,77800
이수역리가,매매,84,서울특별시 동작구 사당동,1157,202507,2013,151000
이안강동,매매,84,서울특별시 강동구 성내동,25-1,202507,2006,84800
이안용산3차,매매,63,서울특별시 용산구 문배동,40-39,202507,2006,100000
이연아마빌레,매매,84,서울특별시 서초구 방배동,814-31,202507,2006,160000
이튼타워리버1차,매매,84,서울특별시 광진구 자양동,510-5,202507,2006,160000
이편한세상마포리버파크,매매,59,서울특별시 마포구 용강동,508,202507,2016,219000
이편한세상청계센트럴포레,매매,84,서울특별시 동대문구 용두동,795,202507,2021,155000
이편한세상화랑대,매매,84,서울특별시 중랑구 묵동,396,202507,2017,105000
이화우성,매매,59,서울특별시 구로구 구로동,1260,202507,1998,60000
인왕,매매,56,서울특별시 서대문구 홍제동,104-1,202507,1968,58000
인왕산벽산,매매,116,서울특별시 서대문구 홍제동,465,202507,2003,79500
인왕산아이파크,매매,59,서울특별시 종로구 무악동,60,202507,2008,119000
일신건영휴먼빌아파트,매매,117,서울특별시 성북구 돈암동,524,202507,2005,95000
자양7차현대홈타운,매매,59,서울특별시 광진구 자양동,788,202507,2001,108000
자양우성7,매매,59,서울특별시 광진구 자양동,783-1,202507,1998,120000
자양우성7,매매,84,서울특별시 광진구 자양동,783-1,202507,1998,169000
잠실엘스,매매,84,서울특별시 송파구 잠실동,19,202507,2008,326250
잠실올림픽공원아이파크,매매,75,서울특별시 송파구 풍납동,514,202507,2019,220000
잠실한솔,매매,84,서울특별시 송파구 석촌동,285,202507,2000,162000
장미,매매,49,서울특별시 강서구 방화동,841,202507,1994,45000
장미(시영6),매매,39,서울특별시 노원구 하계동,273,202507,1989,46000
장미2,매매,71,서울특별시 송파구 신천동,11,202507,1979,272000
장미2,매매,120,서울특별시 송파구 신천동,11,202507,1979,381000
장안삼성쉐르빌,매매,119,서울특별시 동대문구 장안동,371-1,202507,2002,76500
장안현대,매매,95,서울특별시 동대문구 장안동,95-1,202507,1984,67000
장안현대홈타운(336),매매,59,서울특별시 동대문구 장안동,336,202507,2003,83000
장안힐스테이트,매매,59,서울특별시 동대문구 장안동,329-2,202507,2007,76500
장은하이빌,매매,81,서울특별시 노원구 월계동,931,202507,2002,65000
전농SK,매매,114,서울특별시 동대문구 전농동,10,202507,2000,98300
전농동삼성래미안,매매,59,서울특별시 동대문구 전농동,155,202507,2000,72000
정릉2차e-편한세상,매매,59,서울특별시 성북구 정릉동,1035,202507,2009,80000
정릉2차e-편한세상,매매,84,서울특별시 성북구 정릉동,1035,202507,2009,92000
정릉우성아파트 101~105동,매매,46,서울특별시 성북구 정릉동,1020,202507,2000,47500
정릉중앙하이츠아파트,매매,59,서울특별시 성북구 정릉동,809,202507,1999,38800
정릉푸른마을동아,매매,59,서울특별시 성북구 정릉동,210,202507,2003,56300
정릉풍림아이원,매매,59,서울특별시 성북구 정릉동,239,202507,2005,51900
정릉힐스테이트,매매,59,서울특별시 성북구 정릉동,1025,202507,2004,72500
정릉힐스테이트1차,매매,84,서울특별시 성북구 정릉동,1030,202507,2007,72500
정릉힐스테이트3차,매매,59,서울특별시 성북구 정릉동,1031,202507,2008,70600
정익제이원6차,매매,29,서울특별시 은평구 대조동,186-12,202507,2017,31000
종로센트레빌,매매,59,서울특별시 종로구 숭인동,2-1,202507,2008,88500
종암2차SKVIEW,매매,59,서울특별시 성북구 종암동,135,202507,2010,84000
주공1,매매,73,서울특별시 구로구 구로동,685-222,202507,1986,80800
주공1,매매,83,서울특별시 구로구 구로동,685-222,202507,1986,88000
주공1,매매,84,서울특별시 동대문구 휘경동,57,202507,2001,79500
주공1,매매,84,서울특별시 구로구 구로동,685-222,202507,1986,89000
주공17단지,매매,36,서울특별시 도봉구 창동,38,202507,1989,31350
주공19단지(창동리버타운),매매,59,서울특별시 도봉구 창동,27,202507,1989,71300
주공19단지(창동리버타운),매매,68,서울특별시 도봉구 창동,27,202507,1988,82000
주공19단지(창동리버타운),매매,84,서울특별시 도봉구 창동,27,202507,1989,96000
주공1단지,매매,79,서울특별시 강북구 번동,242,202507,1991,69000
주공2,매매,38,서울특별시 노원구 월계동,556,202507,1993,31000
주공2,매매,41,서울특별시 구로구 구로동,685-223,202507,1987,49833
주공2,매매,44,서울특별시 노원구 월계동,556,202507,1992,37275
주공2,매매,51,서울특별시 동작구 대방동,503,202507,1995,62000
주공2,매매,84,서울특별시 노원구 월계동,556,202507,1992,69000
주공3,매매,37,서울특별시 강서구 등촌동,688,202507,1995,62500
주공3,매매,58,서울특별시 강서구 등촌동,688,202507,1995,86500
주공5,매매,44,서울특별시 노원구 중계동,359-1,202507,1992,47100
주공5,매매,84,서울특별시 노원구 중계동,359-1,202507,1992,109500
주공7,매매,44,서울특별시 노원구 중계동,363-1,202507,1993,38500
주공8,매매,49,서울특별시 노원구 중계동,362-1,202507,1993,54500
주공아파트 5단지,매매,76,서울특별시 송파구 잠실동,27,202507,1978,417700
주공아파트 5단지,매매,82,서울특별시 송파구 잠실동,27,202507,1978,449000
중계그린1단지,매매,39,서울특별시 노원구 중계동,502-1,202507,1990,38950
중계그린1단지,매매,49,서울특별시 노원구 중계동,502-1,202507,1990,52667
중계그린1단지,매매,59,서울특별시 노원구 중계동,502-1,202507,1990,60500
중계무지개,매매,39,서울특별시 노원구 중계동,512,202507,1991,41375
중계무지개,매매,49,서울특별시 노원구 중계동,512,202507,1991,50600
중계무지개,매매,59,서울특별시 노원구 중계동,512,202507,1991,63000
중곡1단지,매매,58,서울특별시 광진구 중곡동,191-77,202507,1976,45000
중곡2단지,매매,55,서울특별시 광진구 중곡동,190-26,202507,1976,48000
중랑숲리가,매매,110,서울특별시 중랑구 망우동,583,202507,2012,57000
중랑숲시티프라디움,매매,46,서울특별시 중랑구 망우동,620,202507,2022,63800
중랑숲시티프라디움,매매,55,서울특별시 중랑구 망우동,620,202507,2022,72000
중앙하이츠,매매,70,서울특별시 구로구 구로동,685-124,202507,1987,61500
중앙하이츠,매매,84,서울특별시 중랑구 신내동,479,202507,1996,56750
중앙하이츠빌,매매,59,서울특별시 동대문구 이문동,84,202507,2002,70000
중앙하이츠아쿠아,매매,84,서울특별시 노원구 중계동,514,202507,2008,92000
중앙화곡하이츠,매매,74,서울특별시 강서구 화곡동,351-89,202507,1988,55800
창동2차현대,매매,84,서울특별시 도봉구 창동,815,202507,2001,86500
창동주공18단지,매매,45,서울특별시 도봉구 창동,30,202507,1988,43200
창동주공2단지,매매,36,서울특별시 도봉구 창동,316,202507,1990,34000
창동주공3단지(해등마을),매매,41,서울특별시 도봉구 창동,347,202507,1991,48700
창동주공3단지(해등마을),매매,58,서울특별시 도봉구 창동,347,202507,1990,62800
창동주공3단지(해등마을),매매,61,서울특별시 도봉구 창동,347,202507,1990,62000
창동주공3단지(해등마을),매매,79,서울특별시 도봉구 창동,347,202507,1990,78000
창동주공4단지,매매,36,서울특별시 도봉구 창동,373,202507,1991,32500
창동주공4단지,매매,41,서울특별시 도봉구 창동,373,202507,1991,36900
창동현대타운,매매,57,서울특별시 도봉구 창동,812,202507,1999,37950
창방누리애,매매,84,서울특별시 영등포구 영등포동1가,40-1,202507,2006,74500
창신쌍용2,매매,64,서울특별시 종로구 창신동,703,202507,1993,63000
창전래미안,매매,59,서울특별시 마포구 창전동,437,202507,1998,117200
천연뜨란채,매매,55,서울특별시 서대문구 천연동,145,202507,2006,85500
천왕이펜하우스4단지,매매,84,서울특별시 구로구 천왕동,273,202507,2011,73000
천우네오젠9차,매매,56,서울특별시 강서구 화곡동,916-6,202507,2009,35500
천호동1차예전이룸아파트,매매,83,서울특별시 강동구 천호동,49-4,202507,2004,68400
천호롯데아파트,매매,84,서울특별시 강동구 천호동,55-4,202507,1999,75000
천호태영아파트,매매,84,서울특별시 강동구 천호동,566,202507,1999,112000
청계랜드힐아파트,매매,29,서울특별시 중구 황학동,1531,202507,2022,37000
청계지웰에스테이트,매매,19,서울특별시 동대문구 답십리동,498-7,202507,2012,15000
청계지웰에스테이트,매매,39,서울특별시 동대문구 답십리동,498-7,202507,2012,42000
청광플러스원,매매,84,서울특별시 금천구 독산동,1139,202507,2003,64000
청광플러스원큐브3차,매매,13,서울특별시 강동구 길동,415-16,202507,2014,10500
청구1차,매매,84,서울특별시 서대문구 홍제동,453,202507,1994,90250
청구3,매매,84,서울특별시 노원구 중계동,360-2,202507,1996,126000
청구아파트,매매,84,서울특별시 도봉구 방학동,734,202507,1995,49000
청담2차이-편한세상(205동),매매,119,서울특별시 강남구 청담동,15-21,202507,2006,265000
청담건영,매매,84,서울특별시 강남구 청담동,108,202507,1994,370000
청담현대3차아파트,매매,59,서울특별시 강남구 청담동,127-31,202507,1999,204000
청담현대3차아파트,매매,85,서울특별시 강남구 청담동,127-31,202507,1999,276000
청백3,매매,49,서울특별시 노원구 월계동,780,202507,1998,39300
청솔,매매,39,서울특별시 강서구 방화동,832,202507,1994,42250
청솔,매매,49,서울특별시 강서구 방화동,832,202507,1994,56000
청솔,매매,59,서울특별시 강서구 방화동,832,202507,1994,52200
청솔2차우성,매매,59,서울특별시 동대문구 답십리동,80-2,202507,2000,67000
청솔2차우성,매매,82,서울특별시 동대문구 답십리동,80-2,202507,2000,77000
청솔아파트9,매매,84,서울특별시 노원구 공릉동,90,202507,2000,83900
청암1단지,매매,84,서울특별시 노원구 상계동,1275,202507,2001,71500
청암2단지,매매,49,서울특별시 노원구 상계동,1276,202507,2001,46500
청암2단지,매매,59,서울특별시 노원구 상계동,1276,202507,2001,49800
청우,매매,73,서울특별시 양천구 신정동,881-6,202507,2009,41600
초안2,매매,39,서울특별시 노원구 월계동,924,202507,1997,29500
초안2,매매,59,서울특별시 노원구 월계동,924,202507,1997,41000
충무로엘크루메크로시티2차,매매,22,서울특별시 중구 충무로5가,36-2,202507,2016,21800
충무로엘크루메크로시티2차,매매,35,서울특별시 중구 충무로5가,36-2,202507,2016,34000
충정솔레디움(101동),매매,83,서울특별시 서대문구 충정로3가,30-17,202507,2005,130000
캐릭터그린빌,매매,120,서울특별시 관악구 봉천동,729-24,202507,2000,116500
캠퍼스드림오피스텔,매매,16,서울특별시 동대문구 휘경동,336-32,202507,2020,20800
코스모그린,매매,12,서울특별시 관악구 신림동,1425-4,202507,2012,9000
코오롱,매매,59,서울특별시 영등포구 대림동,607-1,202507,1998,83333
코오롱아파트,매매,84,서울특별시 송파구 방이동,212-8,202507,1991,180000
태강아파트(아이파크),매매,49,서울특별시 노원구 공릉동,81,202507,1999,51850
태릉해링턴플레이스,매매,59,서울특별시 노원구 공릉동,758,202507,2022,86000
태솔아파트3차,매매,59,서울특별시 동대문구 장안동,346-1,202507,2018,52850
태승훼밀리,매매,77,서울특별시 강서구 화곡동,887-1,202507,2003,54500
태영,매매,59,서울특별시 강서구 염창동,270-1,202507,1999,69000
태영데시앙1,매매,84,서울특별시 중랑구 상봉동,497,202507,2003,81700
태진한솔,매매,58,서울특별시 강서구 염창동,263,202507,1994,79000
테라펠리체송파,매매,44,서울특별시 송파구 가락동,166-6,202507,2021,79000
테헤란로대우아이빌(891-6),매매,33,서울특별시 강남구 대치동,891-6,202507,2004,38000
테헤란아이파크,매매,92,서울특별시 강남구 역삼동,709-5,202507,2014,340000
텐즈힐(1단지),매매,148,서울특별시 성동구 하왕십리동,1066,202507,2015,249000
텐즈힐(2단지),매매,84,서울특별시 성동구 상왕십리동,811,202507,2014,176000
투니온,매매,13,서울특별시 동대문구 이문동,256-2,202507,2013,9500
트레벨,매매,36,서울특별시 강남구 역삼동,766-8,202507,2002,62000
트리지움,매매,84,서울특별시 송파구 잠실동,35,202507,2007,325000
트리지움,매매,149,서울특별시 송파구 잠실동,35,202507,2007,399000
파인마루오피스텔,매매,15,서울특별시 구로구 구로동,98-12,202507,2016,12800
파크리오,매매,59,서울특별시 송파구 신천동,17,202507,2008,250000
파크리오,매매,84,서울특별시 송파구 신천동,17,202507,2008,290000
파크프라자,매매,97,서울특별시 강동구 성내동,428-2,202507,2003,75000
파크하비오,매매,84,서울특별시 송파구 문정동,618,202507,2016,159000
팰리스필,매매,80,서울특별시 양천구 신정동,872-6,202507,2002,62000
포레나노원,매매,59,서울특별시 노원구 상계동,680,202507,2020,90000
포레스트힐시티,매매,13,서울특별시 영등포구 영등포동3가,19-2,202507,2014,9900
포스코더샵,매매,132,서울특별시 동작구 상도동,521,202507,2007,172000
포스코더샵,매매,152,서울특별시 동작구 상도동,521,202507,2007,177000
폭포동4단지힐스테이트(423~425동)BL3-10,매매,134,서울특별시 은평구 진관동,132,202507,2010,109000
푸른마을2,매매,59,서울특별시 양천구 신정동,1281,202507,2001,57000
푸른마을3,매매,59,서울특별시 양천구 신정동,1283,202507,2001,50900
푸른마을아파트101동~111동,매매,59,서울특별시 강남구 일원동,719,202507,1994,190000
푸른마을아파트101동~111동,매매,84,서울특별시 강남구 일원동,719,202507,1994,260000
풍림1차,매매,56,서울특별시 서대문구 홍은동,440-3,202507,1988,44000
풍림2,매매,58,서울특별시 서대문구 홍은동,453-2,202507,1990,56150
하계2현대,매매,75,서울특별시 노원구 하계동,288,202507,1997,73950
하버라인2단지,매매,74,서울특별시 구로구 항동,237,202507,2019,74500
하버라인3단지,매매,59,서울특별시 구로구 항동,242,202507,2019,65000
하이페리온2,매매,133,서울특별시 양천구 목동,961,202507,2006,234000
학여울청구,매매,59,서울특별시 노원구 하계동,354,202507,1999,62000
학여울청구,매매,113,서울특별시 노원구 하계동,354,202507,1999,92000
한강(대우),매매,84,서울특별시 용산구 이촌동,415,202507,2000,279500
한강극동,매매,59,서울특별시 송파구 풍납동,508,202507,1995,98000
한강극동,매매,84,서울특별시 송파구 풍납동,508,202507,1995,129450
한강대우트럼프월드3,매매,126,서울특별시 용산구 한강로3가,65-230,202507,2004,278000
한강밤섬자이,매매,118,서울특별시 마포구 하중동,101,202507,2010,235000
한강우성,매매,84,서울특별시 광진구 자양동,87-1,202507,1993,175000
한남동동원베네스트,매매,59,서울특별시 용산구 한남동,522-1,202507,2010,115500
한남하이츠,매매,89,서울특별시 성동구 옥수동,220-1,202507,1982,270000
한림리첸빌102동,매매,84,서울특별시 강서구 마곡동,1170,202507,2005,59000
한마을,매매,123,서울특별시 구로구 개봉동,476,202507,1999,99000
한마음(796-72),매매,43,서울특별시 구로구 구로동,796-72,202507,1997,19500
한보미도맨션1,매매,84,서울특별시 강남구 대치동,511,202507,1983,440000
한빛웰리스,매매,146,서울특별시 송파구 신천동,7-17,202507,1996,180000
한솔,매매,59,서울특별시 강동구 둔촌동,490-9,202507,2008,107000
한솔마을,매매,63,서울특별시 강남구 일원동,731,202507,1994,244000
한솔마을,매매,84,서울특별시 강남구 일원동,731,202507,1994,300000
한솔솔파크,매매,59,서울특별시 강서구 마곡동,716,202507,2005,95300
한신,매매,68,서울특별시 성북구 돈암동,609-1,202507,1998,68150
한신,매매,84,서울특별시 도봉구 도봉동,30-1,202507,1995,57300
한신,매매,132,서울특별시 성북구 돈암동,609-1,202507,1998,85000
한신1,매매,35,서울특별시 노원구 하계동,284,202507,1988,39100
한신1,매매,84,서울특별시 송파구 가락동,102,202507,1993,129500
한신1차,매매,45,서울특별시 노원구 상계동,135,202507,1987,33700
한신1차,매매,53,서울특별시 노원구 상계동,135,202507,1987,40200
한신2,매매,44,서울특별시 노원구 하계동,284,202507,1988,45800
한신2차,매매,84,서울특별시 노원구 상계동,451,202507,1988,61700
한신3차,매매,60,서울특별시 노원구 상계동,458,202507,1990,45800
한신4차,매매,84,서울특별시 노원구 상계동,995,202507,1995,53500
한신무학,매매,114,서울특별시 성동구 하왕십리동,990,202507,1989,120000
한신아파트,매매,59,서울특별시 동대문구 제기동,1212,202507,2004,81000
한신아파트,매매,89,서울특별시 금천구 독산동,1093-4,202507,1991,63900
한신아파트상가동유치원동(103~109),매매,59,서울특별시 중랑구 중화동,450,202507,1998,68500
한신아파트상가동유치원동(103~109),매매,84,서울특별시 중랑구 중화동,450,202507,1997,77250
한신휴플러스(1280-0),매매,50,서울특별시 구로구 구로동,1280,202507,2007,61000
한양,매매,84,서울특별시 관악구 신림동,1563-82,202507,1992,57000
한양,매매,86,서울특별시 노원구 상계동,757,202507,1988,73000
한양1차(영동한양),매매,63,서울특별시 강남구 압구정동,490,202507,1977,530000
한양2,매매,48,서울특별시 도봉구 쌍문동,59,202507,1988,31800
한양5,매매,65,서울특별시 도봉구 쌍문동,59-3,202507,1991,41700
한양6,매매,83,서울특별시 도봉구 쌍문동,59-5,202507,2002,53900
한양7,매매,110,서울특별시 강남구 압구정동,528,202507,1981,530000
한양8(81동한개동),매매,200,서울특별시 강남구 압구정동,510,202507,1984,795000
한양I-Class,매매,16,서울특별시 중구 황학동,787,202507,2013,13200
한양수자인에듀힐즈,매매,84,서울특별시 구로구 항동,241,202507,2019,82000
한영해시안아파트,매매,63,서울특별시 송파구 잠실동,239-6,202507,2017,102500
한일2,매매,84,서울특별시 노원구 월계동,927,202507,2000,66700
한일휴니스빌,매매,15,서울특별시 노원구 공릉동,683-14,202507,2013,12050
한진,매매,59,서울특별시 구로구 개봉동,478,202507,2000,50250
한진,매매,84,서울특별시 구로구 개봉동,478,202507,2000,61400
한진,매매,114,서울특별시 구로구 개봉동,478,202507,2000,68800
한진(609-1),매매,59,서울특별시 성북구 돈암동,609-1,202507,1998,61250
한진(609-1),매매,84,서울특별시 성북구 돈암동,609-1,202507,1998,81000
한진(609-1),매매,132,서울특별시 성북구 돈암동,609-1,202507,1998,87000
한진한화그랑빌,매매,84,서울특별시 노원구 월계동,18,202507,2002,88750
한화진넥스빌,매매,42,서울특별시 강남구 역삼동,706-20,202507,2001,44000
항동중흥에스클래스베르데카운티,매매,84,서울특별시 구로구 항동,236,202507,2019,85000
해오름시티,매매,19,서울특별시 은평구 대조동,9-40,202507,2012,12000
해태보라매타워,매매,59,서울특별시 동작구 신대방동,708,202507,1996,64000
행당두산위브,매매,59,서울특별시 성동구 행당동,375,202507,2009,123750
행복자,매매,79,서울특별시 양천구 목동,627-2,202507,2004,50000
헬리오시티,매매,39,서울특별시 송파구 가락동,913,202507,2018,140000
헬리오시티,매매,59,서울특별시 송파구 가락동,913,202507,2018,249500
헬리오시티,매매,84,서울특별시 송파구 가락동,913,202507,2018,264500
현대,매매,59,서울특별시 송파구 송파동,163-14,202507,1997,105000
현대,매매,59,서울특별시 동대문구 이문동,54,202507,2000,65000
현대,매매,59,서울특별시 동대문구 제기동,892-66,202507,1999,70000
현대,매매,71,서울특별시 노원구 하계동,270,202507,1988,93000
현대,매매,74,서울특별시 중랑구 면목동,1502,202507,1994,68000
현대,매매,83,서울특별시 양천구 목동,930,202507,1996,157850
현대,매매,84,서울특별시 중랑구 면목동,1502,202507,1994,72000
현대,매매,84,서울특별시 송파구 잠실동,331,202507,1990,170000
현대,매매,84,서울특별시 구로구 개봉동,481,202507,2001,83025
현대,매매,84,서울특별시 동대문구 이문동,54,202507,2000,81250
현대,매매,84,서울특별시 강서구 등촌동,655-27,202507,1995,75000
현대,매매,84,서울특별시 동작구 신대방동,707,202507,1996,98700
현대,매매,114,서울특별시 동대문구 이문동,54,202507,2000,83000
현대,매매,114,서울특별시 노원구 월계동,929,202507,2000,92000
현대(60동),매매,82,서울특별시 송파구 가락동,161-1,202507,1991,111000
현대(6차),매매,84,서울특별시 송파구 가락동,55,202507,1991,120000
현대(관악),매매,68,서울특별시 관악구 봉천동,1000,202507,1992,80000
현대(관악),매매,84,서울특별시 관악구 봉천동,1000,202507,1992,89500
현대(관악),매매,105,서울특별시 관악구 봉천동,1000,202507,1992,90500
현대(관악),매매,123,서울특별시 관악구 봉천동,1000,202507,1992,103000
현대(명일),매매,57,서울특별시 강동구 명일동,251-1,202507,1988,80500
현대1,매매,66,서울특별시 영등포구 대림동,785-1,202507,1992,63000
현대1,매매,80,서울특별시 송파구 삼전동,39,202507,1989,107000
현대1,매매,84,서울특별시 은평구 신사동,359,202507,1997,59500
현대1,매매,84,서울특별시 강동구 길동,470,202507,1996,94500
현대1,매매,84,서울특별시 도봉구 쌍문동,54,202507,1990,50600
현대2,매매,79,서울특별시 강동구 둔촌동,70-5,202507,1988,93000
현대2,매매,84,서울특별시 은평구 신사동,355,202507,1994,58000
현대3,매매,79,서울특별시 강동구 둔촌동,135-1,202507,1988,93100
현대3,매매,84,서울특별시 광진구 자양동,670,202507,1996,130000
현대3차,매매,59,서울특별시 영등포구 대림동,608-1,202507,1997,89050
현대3차,매매,84,서울특별시 송파구 거여동,46,202507,1993,96500
현대3차,매매,140,서울특별시 영등포구 대림동,608-1,202507,1998,114500
현대4,매매,83,서울특별시 강동구 둔촌동,89,202507,1996,107000
현대8차(성수현대:91~95동),매매,163,서울특별시 강남구 압구정동,481,202507,1980,830000
현대I-PARK,매매,104,서울특별시 성동구 성수동2가,834,202507,2003,125000
현대리버빌1지구,매매,84,서울특별시 송파구 풍납동,260,202507,1999,123000
현대리버빌1지구,매매,114,서울특별시 송파구 풍납동,260,202507,1999,158000
현대벤처빌,매매,25,서울특별시 마포구 노고산동,107-36,202507,2002,22000
현대벤처빌,매매,34,서울특별시 마포구 노고산동,107-36,202507,2002,27500
현대상선,매매,79,서울특별시 구로구 구로동,685-147,202507,1987,65000
현대서초3,매매,84,서울특별시 서초구 서초동,1644,202507,1997,174000
현대슈퍼빌,매매,147,서울특별시 서초구 서초동,1446-11,202507,2003,262000
현대썬앤빌601,매매,18,서울특별시 동대문구 장안동,373-3,202507,2015,9600
현대썬앤빌청계,매매,14,서울특별시 동대문구 답십리동,530-15,202507,2016,12400
현대썬앤빌청계,매매,18,서울특별시 동대문구 답십리동,530-15,202507,2016,15700
현대연예인,매매,54,서울특별시 구로구 구로동,685-70,202507,1989,48833
현대연예인,매매,74,서울특별시 구로구 구로동,685-70,202507,1989,57950
현대연예인,매매,84,서울특별시 구로구 구로동,685-70,202507,1989,68500
현대홈타운,매매,59,서울특별시 구로구 개봉동,480,202507,2001,65800
현대홈타운,매매,114,서울특별시 강동구 암사동,400,202507,2004,144500
현대홈타운2차,매매,84,서울특별시 동대문구 장안동,569,202507,2005,82000
형인허브빌,매매,84,서울특별시 강동구 명일동,354,202507,2002,85500
호반써밋서초파크,매매,59,서울특별시 서초구 우면동,788,202507,2013,138000
호수임광,매매,59,서울특별시 송파구 송파동,33,202507,1995,97000
홍릉동부,매매,84,서울특별시 동대문구 청량리동,212,202507,2001,85000
홍연(723-9),매매,52,서울특별시 서대문구 연희동,723-9,202507,1981,48000
홍제삼성래미안,매매,84,서울특별시 서대문구 홍제동,461,202507,2001,92700
홍제역해링턴플레이스,매매,59,서울특별시 서대문구 홍제동,474,202507,2024,115000
홍제역해링턴플레이스,매매,84,서울특별시 서대문구 홍제동,474,202507,2024,135000
홍제원현대(459-0),매매,84,서울특별시 서대문구 홍제동,459,202507,2000,90000
홍제한양,매매,120,서울특별시 서대문구 홍제동,82,202507,1993,110500
홍제현대,매매,75,서울특별시 서대문구 홍제동,331,202507,1992,84500
화곡푸르지오,매매,104,서울특별시 강서구 화곡동,1091,202507,2002,110000
화랑해링턴플레이스아파트,매매,84,서울특별시 노원구 공릉동,746,202507,1999,73000
황학아크로타워,매매,109,서울특별시 중구 황학동,2523,202507,2010,111500
회기힐스테이트,매매,84,서울특별시 동대문구 회기동,351,202507,2011,94650
효민아크로뷰,매매,29,서울특별시 은평구 갈현동,395-2,202507,2024,46800
효창베네스,매매,84,서울특별시 용산구 효창동,272,202507,2002,109000
휘경SK뷰,매매,84,서울특별시 동대문구 휘경동,372,202507,2019,129000
휘경미소지움,매매,114,서울특별시 동대문구 휘경동,106,202507,1999,89800
흑석한강센트레빌,매매,114,서울특별시 동작구 흑석동,335,202507,2011,230000
흑석한강센트레빌Ⅱ,매매,84,서울특별시 동작구 흑석동,339,202507,2012,178000
흑석한강푸르지오,매매,84,서울특별시 동작구 흑석동,336,202507,2012,213000
흥화브라운빌,매매,84,서울특별시 관악구 남현동,1132,202507,2003,84500
힐스테이트 상도 센트럴파크,매매,84,서울특별시 동작구 상도동,531,202507,2012,165500
힐스테이트남산,매매,29,서울특별시 중구 묵정동,35,202507,2024,61800
힐스테이트녹번,매매,84,서울특별시 은평구 녹번동,282,202507,2019,126000
힐스테이트녹번역,매매,59,서울특별시 은평구 응암동,770,202507,2022,101000
힐스테이트녹번역,매매,74,서울특별시 은평구 응암동,770,202507,2022,118500
힐스테이트신촌,매매,84,서울특별시 서대문구 북아현동,1017,202507,2020,170000
힐스테이트홍은포레스트,매매,59,서울특별시 서대문구 홍은동,470,202507,2023,90000
힐스테이트홍은포레스트,매매,72,서울특별시 서대문구 홍은동,470,202507,2023,108000
